,date,opponent,result,location,w/l,conf,season,team
0,08/30/25,Bucknell,3:30 pm,Home,,,2025,Air Force
1,09/13/25,Utah St,9:45 pm,Away,,,2025,Air Force
2,09/20/25,Boise St,7:00 pm,Home,,,2025,Air Force
3,09/27/25,Hawai'i,12:00 pm,Home,,,2025,Air Force
4,10/04/25,Navy,12:00 pm,Away,,,2025,Air Force
5,10/11/25,UNLV,3:30 pm,Away,,,2025,Air Force
6,10/18/25,Wyoming,3:30 pm,Home,,,2025,Air Force
7,11/01/25,Army,12:00 pm,Home,,,2025,Air Force
8,11/08/25,San Jose St,12:00 pm,Away,,,2025,Air Force
9,11/15/25,UConn,12:00 pm,Away,,,2025,Air Force
10,11/22/25,New Mexico,7:00 pm,Home,,,2025,Air Force
11,11/28/25,Colorado St,12:00 pm,Away,,,2025,Air Force
0,08/28/25,Wyoming,7:00 pm,Home,,,2025,Akron
1,09/06/25,Nebraska,7:30 pm,Away,,,2025,Akron
2,09/13/25,UAB,8:30 pm,Away,,,2025,Akron
3,09/20/25,Duquesne,12:00 pm,Home,,,2025,Akron
4,09/27/25,Toledo,12:00 pm,Away,,,2025,Akron
5,10/04/25,C Michigan,12:00 pm,Home,,,2025,Akron
6,10/11/25,Miami OH,12:00 pm,Home,,,2025,Akron
7,10/18/25,Ball St,12:00 pm,Away,,,2025,Akron
8,10/25/25,Buffalo,12:00 pm,Away,,,2025,Akron
9,11/04/25,UMass,12:00 pm,Home,,,2025,Akron
10,11/11/25,Kent St,7:30 pm,Home,,,2025,Akron
11,11/18/25,Bowling Green,12:00 pm,Away,,,2025,Akron
0,08/30/25,Florida St,3:30 pm,Away,,,2025,Alabama
1,09/06/25,UL Monroe,7:45 pm,Home,,,2025,Alabama
2,09/13/25,Wisconsin,12:00 pm,Home,,,2025,Alabama
3,09/27/25,Georgia,7:30 pm,Away,,,2025,Alabama
4,10/04/25,Vanderbilt,12:00 pm,Home,,,2025,Alabama
5,10/11/25,Missouri,12:00 pm,Away,,,2025,Alabama
6,10/18/25,Tennessee,12:00 pm,Home,,,2025,Alabama
7,10/25/25,South Carolina,12:00 pm,Away,,,2025,Alabama
8,11/08/25,LSU,12:00 pm,Home,,,2025,Alabama
9,11/15/25,Oklahoma,12:00 pm,Home,,,2025,Alabama
10,11/22/25,E Illinois,2:00 pm,Home,,,2025,Alabama
11,11/29/25,Auburn,12:00 pm,Away,,,2025,Alabama
0,08/29/25,Charlotte,7:00 pm,Neutral,,,2025,Appalachian State
1,09/06/25,Lindenwood,3:30 pm,Home,,,2025,Appalachian State
2,09/13/25,Southern Miss,7:00 pm,Away,,,2025,Appalachian State
3,09/27/25,Boise St,12:00 pm,Away,,,2025,Appalachian State
4,10/04/25,Oregon St,12:00 pm,Home,,,2025,Appalachian State
5,10/11/25,Georgia St,12:00 pm,Away,,,2025,Appalachian State
6,10/18/25,Coastal Car,12:00 pm,Home,,,2025,Appalachian State
7,10/25/25,Old Dominion,12:00 pm,Away,,,2025,Appalachian State
8,11/06/25,Georgia So,12:00 pm,Home,,,2025,Appalachian State
9,11/15/25,J Madison,12:00 pm,Away,,,2025,Appalachian State
10,11/22/25,Marshall,12:00 pm,Home,,,2025,Appalachian State
11,11/29/25,Arkansas St,12:00 pm,Home,,,2025,Appalachian State
0,08/30/25,Hawai'i,10:30 pm,Home,,,2025,Arizona
1,09/06/25,Weber State,10:00 pm,Home,,,2025,Arizona
2,09/12/25,Kansas St,9:00 pm,Home,,,2025,Arizona
3,09/27/25,Iowa St,12:00 pm,Away,,,2025,Arizona
4,10/04/25,Oklahoma St,12:00 pm,Home,,,2025,Arizona
5,10/11/25,BYU,12:00 pm,Home,,,2025,Arizona
6,10/18/25,Houston,12:00 pm,Away,,,2025,Arizona
7,11/01/25,Colorado,12:00 pm,Away,,,2025,Arizona
8,11/08/25,Kansas,12:00 pm,Home,,,2025,Arizona
9,11/15/25,Cincinnati,12:00 pm,Away,,,2025,Arizona
10,11/22/25,Baylor,12:00 pm,Home,,,2025,Arizona
11,11/28/25,Arizona St,12:00 pm,Away,,,2025,Arizona
0,08/30/25,N Arizona,10:00 pm,Home,,,2025,Arizona State
1,09/06/25,Mississippi St,7:30 pm,Away,,,2025,Arizona State
2,09/13/25,Texas St,10:30 pm,Home,,,2025,Arizona State
3,09/20/25,Baylor,12:00 pm,Away,,,2025,Arizona State
4,09/26/25,TCU,9:00 pm,Home,,,2025,Arizona State
5,10/11/25,Utah,12:00 pm,Away,,,2025,Arizona State
6,10/18/25,Texas Tech,12:00 pm,Home,,,2025,Arizona State
7,10/25/25,Houston,12:00 pm,Home,,,2025,Arizona State
8,11/01/25,Iowa St,12:00 pm,Away,,,2025,Arizona State
9,11/15/25,West Virginia,12:00 pm,Home,,,2025,Arizona State
10,11/22/25,Colorado,12:00 pm,Away,,,2025,Arizona State
11,11/28/25,Arizona,12:00 pm,Home,,,2025,Arizona State
0,08/30/25,Alabama A&M,4:15 pm,Home,,,2025,Arkansas
1,09/06/25,Arkansas St,5:00 pm,Home,,,2025,Arkansas
2,09/13/25,Mississippi,12:00 pm,Away,,,2025,Arkansas
3,09/20/25,Memphis,12:00 pm,Away,,,2025,Arkansas
4,09/27/25,Notre Dame,12:00 pm,Home,,,2025,Arkansas
5,10/11/25,Tennessee,12:00 pm,Away,,,2025,Arkansas
6,10/18/25,Texas A&M,12:00 pm,Home,,,2025,Arkansas
7,10/25/25,Auburn,12:00 pm,Home,,,2025,Arkansas
8,11/01/25,Mississippi St,12:00 pm,Home,,,2025,Arkansas
9,11/15/25,LSU,12:00 pm,Away,,,2025,Arkansas
10,11/22/25,Texas,12:00 pm,Away,,,2025,Arkansas
11,11/29/25,Missouri,12:00 pm,Home,,,2025,Arkansas
0,08/30/25,SE Missouri,7:00 pm,Home,,,2025,Arkansas State
1,09/06/25,Arkansas,5:00 pm,Away,,,2025,Arkansas State
2,09/13/25,Iowa St,4:00 pm,Home,,,2025,Arkansas State
3,09/20/25,Kennesaw St,6:00 pm,Away,,,2025,Arkansas State
4,09/27/25,UL Monroe,12:00 pm,Away,,,2025,Arkansas State
5,10/04/25,Texas St,7:00 pm,Home,,,2025,Arkansas State
6,10/14/25,S Alabama,7:30 pm,Away,,,2025,Arkansas State
7,10/25/25,Georgia So,12:00 pm,Home,,,2025,Arkansas State
8,11/01/25,Troy,12:00 pm,Away,,,2025,Arkansas State
9,11/08/25,Southern Miss,12:00 pm,Home,,,2025,Arkansas State
10,11/20/25,Louisiana,7:30 pm,Home,,,2025,Arkansas State
11,11/29/25,App State,12:00 pm,Away,,,2025,Arkansas State
0,08/29/25,Tarleton State,6:00 pm,Home,,,2025,Army
1,09/06/25,Kansas St,7:00 pm,Away,,,2025,Army
2,09/20/25,N Texas,12:00 pm,Home,,,2025,Army
3,09/25/25,E Carolina,7:30 pm,Away,,,2025,Army
4,10/04/25,UAB,12:00 pm,Away,,,2025,Army
5,10/11/25,Charlotte,12:00 pm,Home,,,2025,Army
6,10/18/25,Tulane,12:00 pm,Away,,,2025,Army
7,11/01/25,Air Force,12:00 pm,Away,,,2025,Army
8,11/08/25,Temple,12:00 pm,Home,,,2025,Army
9,11/22/25,Tulsa,12:00 pm,Home,,,2025,Army
10,11/28/25,UTSA,12:00 pm,Away,,,2025,Army
11,12/13/25,Navy,3:00 pm,Neutral,,,2025,Army
0,08/29/25,Baylor,8:00 pm,Away,,,2025,Auburn
1,09/06/25,Ball St,7:30 pm,Home,,,2025,Auburn
2,09/13/25,S Alabama,12:45 pm,Home,,,2025,Auburn
3,09/20/25,Oklahoma,12:00 pm,Away,,,2025,Auburn
4,09/27/25,Texas A&M,12:00 pm,Away,,,2025,Auburn
5,10/11/25,Georgia,12:00 pm,Home,,,2025,Auburn
6,10/18/25,Missouri,12:00 pm,Home,,,2025,Auburn
7,10/25/25,Arkansas,12:00 pm,Away,,,2025,Auburn
8,11/01/25,Kentucky,12:00 pm,Home,,,2025,Auburn
9,11/08/25,Vanderbilt,12:00 pm,Away,,,2025,Auburn
10,11/22/25,Mercer,2:00 pm,Home,,,2025,Auburn
11,11/29/25,Alabama,12:00 pm,Home,,,2025,Auburn
0,08/30/25,Purdue,12:00 pm,Away,,,2025,Ball State
1,09/06/25,Auburn,7:30 pm,Away,,,2025,Ball State
2,09/13/25,N Hampshire,2:00 pm,Home,,,2025,Ball State
3,09/20/25,UConn,3:30 pm,Away,,,2025,Ball State
4,10/04/25,Ohio,12:00 pm,Home,,,2025,Ball State
5,10/11/25,W Michigan,12:00 pm,Away,,,2025,Ball State
6,10/18/25,Akron,12:00 pm,Home,,,2025,Ball State
7,10/25/25,N Illinois,12:00 pm,Away,,,2025,Ball State
8,11/05/25,Kent St,12:00 pm,Home,,,2025,Ball State
9,11/15/25,E Michigan,12:00 pm,Home,,,2025,Ball State
10,11/22/25,Toledo,12:00 pm,Away,,,2025,Ball State
11,11/29/25,Miami OH,12:00 pm,Away,,,2025,Ball State
0,08/29/25,Auburn,8:00 pm,Home,,,2025,Baylor
1,09/06/25,SMU,12:00 pm,Away,,,2025,Baylor
2,09/13/25,Samford,12:00 pm,Home,,,2025,Baylor
3,09/20/25,Arizona St,12:00 pm,Home,,,2025,Baylor
4,09/27/25,Oklahoma St,12:00 pm,Away,,,2025,Baylor
5,10/04/25,Kansas St,12:00 pm,Home,,,2025,Baylor
6,10/18/25,TCU,12:00 pm,Away,,,2025,Baylor
7,10/25/25,Cincinnati,12:00 pm,Away,,,2025,Baylor
8,11/01/25,UCF,12:00 pm,Home,,,2025,Baylor
9,11/15/25,Utah,12:00 pm,Home,,,2025,Baylor
10,11/22/25,Arizona,12:00 pm,Away,,,2025,Baylor
11,11/29/25,Houston,12:00 pm,Home,,,2025,Baylor
0,08/28/25,S Florida,5:30 pm,Away,,,2025,Boise State
1,09/05/25,E Washingtn,9:00 pm,Home,,,2025,Boise State
2,09/20/25,Air Force,7:00 pm,Away,,,2025,Boise State
3,09/27/25,App State,12:00 pm,Home,,,2025,Boise State
4,10/04/25,Notre Dame,3:30 pm,Away,,,2025,Boise State
5,10/11/25,New Mexico,12:00 pm,Home,,,2025,Boise State
6,10/18/25,UNLV,12:00 pm,Home,,,2025,Boise State
7,10/24/25,Nevada,10:00 pm,Away,,,2025,Boise State
8,11/01/25,Fresno St,12:00 pm,Home,,,2025,Boise State
9,11/15/25,San Diego St,10:30 pm,Away,,,2025,Boise State
10,11/22/25,Colorado St,12:00 pm,Home,,,2025,Boise State
11,11/28/25,Utah St,4:00 pm,Away,,,2025,Boise State
0,08/30/25,Fordham,2:00 pm,Home,,,2025,Boston College
1,09/06/25,Michigan St,7:30 pm,Away,,,2025,Boston College
2,09/13/25,Stanford,10:30 pm,Away,,,2025,Boston College
3,09/27/25,California,12:00 pm,Home,,,2025,Boston College
4,10/04/25,Pittsburgh,12:00 pm,Away,,,2025,Boston College
5,10/11/25,Clemson,12:00 pm,Home,,,2025,Boston College
6,10/18/25,UConn,12:00 pm,Home,,,2025,Boston College
7,10/25/25,Louisville,12:00 pm,Away,,,2025,Boston College
8,11/01/25,Notre Dame,12:00 pm,Home,,,2025,Boston College
9,11/08/25,SMU,12:00 pm,Home,,,2025,Boston College
10,11/15/25,Georgia Tech,12:00 pm,Home,,,2025,Boston College
11,11/29/25,Syracuse,12:00 pm,Away,,,2025,Boston College
0,08/28/25,Lafayette,6:00 pm,Home,,,2025,Bowling Green
1,09/06/25,Cincinnati,3:30 pm,Away,,,2025,Bowling Green
2,09/13/25,Liberty,5:00 pm,Home,,,2025,Bowling Green
3,09/20/25,Louisville,12:00 pm,Away,,,2025,Bowling Green
4,09/27/25,Ohio,12:00 pm,Away,,,2025,Bowling Green
5,10/11/25,Toledo,12:00 pm,Home,,,2025,Bowling Green
6,10/18/25,C Michigan,12:00 pm,Home,,,2025,Bowling Green
7,10/25/25,Kent St,12:00 pm,Away,,,2025,Bowling Green
8,11/01/25,Buffalo,12:00 pm,Home,,,2025,Bowling Green
9,11/08/25,E Michigan,12:00 pm,Away,,,2025,Bowling Green
10,11/18/25,Akron,12:00 pm,Home,,,2025,Bowling Green
11,11/25/25,UMass,12:00 pm,Away,,,2025,Bowling Green
0,08/28/25,Minnesota,8:00 pm,Away,,,2025,Buffalo
1,09/06/25,St. Francis,3:30 pm,Home,,,2025,Buffalo
2,09/13/25,Kent St,12:00 pm,Away,,,2025,Buffalo
3,09/20/25,Troy,12:00 pm,Home,,,2025,Buffalo
4,09/27/25,UConn,12:00 pm,Home,,,2025,Buffalo
5,10/04/25,E Michigan,12:00 pm,Home,,,2025,Buffalo
6,10/18/25,UMass,12:00 pm,Away,,,2025,Buffalo
7,10/25/25,Akron,12:00 pm,Home,,,2025,Buffalo
8,11/01/25,Bowling Green,12:00 pm,Away,,,2025,Buffalo
9,11/12/25,C Michigan,12:00 pm,Away,,,2025,Buffalo
10,11/19/25,Miami OH,7:00 pm,Home,,,2025,Buffalo
11,11/28/25,Ohio,12:00 pm,Home,,,2025,Buffalo
0,08/30/25,Portland St,8:00 pm,Home,,,2025,BYU
1,09/06/25,Stanford,10:15 pm,Home,,,2025,BYU
2,09/20/25,E Carolina,12:00 pm,Away,,,2025,BYU
3,09/27/25,Colorado,10:15 pm,Away,,,2025,BYU
4,10/03/25,West Virginia,10:30 pm,Home,,,2025,BYU
5,10/11/25,Arizona,12:00 pm,Away,,,2025,BYU
6,10/18/25,Utah,12:00 pm,Home,,,2025,BYU
7,10/25/25,Iowa St,12:00 pm,Away,,,2025,BYU
8,11/08/25,Texas Tech,12:00 pm,Away,,,2025,BYU
9,11/15/25,TCU,12:00 pm,Home,,,2025,BYU
10,11/22/25,Cincinnati,12:00 pm,Away,,,2025,BYU
11,11/29/25,UCF,12:00 pm,Home,,,2025,BYU
0,08/29/25,San Jose St,10:30 pm,Away,,,2025,Central Michigan
1,09/06/25,Pittsburgh,12:00 pm,Away,,,2025,Central Michigan
2,09/13/25,Michigan,12:00 pm,Away,,,2025,Central Michigan
3,09/20/25,Wagner,1:00 pm,Home,,,2025,Central Michigan
4,09/27/25,E Michigan,12:00 pm,Home,,,2025,Central Michigan
5,10/04/25,Akron,12:00 pm,Away,,,2025,Central Michigan
6,10/18/25,Bowling Green,12:00 pm,Away,,,2025,Central Michigan
7,10/25/25,UMass,12:00 pm,Home,,,2025,Central Michigan
8,11/01/25,W Michigan,12:00 pm,Away,,,2025,Central Michigan
9,11/12/25,Buffalo,12:00 pm,Home,,,2025,Central Michigan
10,11/19/25,Kent St,7:00 pm,Away,,,2025,Central Michigan
11,11/29/25,Toledo,12:00 pm,Home,,,2025,Central Michigan
0,08/30/25,Oregon St,10:30 pm,Away,,,2025,California
1,09/06/25,Texas Southern,6:00 pm,Home,,,2025,California
2,09/13/25,Minnesota,10:30 pm,Home,,,2025,California
3,09/20/25,San Diego St,10:30 pm,Away,,,2025,California
4,09/27/25,Boston College,12:00 pm,Away,,,2025,California
5,10/04/25,Duke,12:00 pm,Home,,,2025,California
6,10/17/25,North Carolina,10:30 pm,Home,,,2025,California
7,10/24/25,Virginia Tech,7:30 pm,Away,,,2025,California
8,11/01/25,Virginia,12:00 pm,Home,,,2025,California
9,11/08/25,Louisville,12:00 pm,Away,,,2025,California
10,11/22/25,Stanford,12:00 pm,Away,,,2025,California
11,11/29/25,SMU,12:00 pm,Home,,,2025,California
0,08/29/25,App State,7:00 pm,Neutral,,,2025,Charlotte
1,09/06/25,North Carolina,7:00 pm,Home,,,2025,Charlotte
2,09/13/25,Monmouth,6:00 pm,Home,,,2025,Charlotte
3,09/18/25,Rice,7:30 pm,Home,,,2025,Charlotte
4,10/03/25,S Florida,7:00 pm,Away,,,2025,Charlotte
5,10/11/25,Army,12:00 pm,Away,,,2025,Charlotte
6,10/18/25,Temple,12:00 pm,Home,,,2025,Charlotte
7,10/24/25,N Texas,7:00 pm,Home,,,2025,Charlotte
8,11/08/25,E Carolina,12:00 pm,Away,,,2025,Charlotte
9,11/15/25,UTSA,12:00 pm,Home,,,2025,Charlotte
10,11/22/25,Georgia,12:45 pm,Away,,,2025,Charlotte
11,11/29/25,Tulane,12:00 pm,Away,,,2025,Charlotte
0,08/28/25,Nebraska,9:00 pm,Neutral,,,2025,Cincinnati
1,09/06/25,Bowling Green,3:30 pm,Home,,,2025,Cincinnati
2,09/13/25,NW State,3:30 pm,Home,,,2025,Cincinnati
3,09/27/25,Kansas,12:00 pm,Away,,,2025,Cincinnati
4,10/04/25,Iowa St,12:00 pm,Home,,,2025,Cincinnati
5,10/11/25,UCF,12:00 pm,Home,,,2025,Cincinnati
6,10/18/25,Oklahoma St,12:00 pm,Away,,,2025,Cincinnati
7,10/25/25,Baylor,12:00 pm,Home,,,2025,Cincinnati
8,11/01/25,Utah,12:00 pm,Away,,,2025,Cincinnati
9,11/15/25,Arizona,12:00 pm,Home,,,2025,Cincinnati
10,11/22/25,BYU,12:00 pm,Home,,,2025,Cincinnati
11,11/29/25,TCU,12:00 pm,Away,,,2025,Cincinnati
0,08/30/25,LSU,7:30 pm,Home,,,2025,Clemson
1,09/06/25,Troy,3:30 pm,Home,,,2025,Clemson
2,09/13/25,Georgia Tech,12:00 pm,Away,,,2025,Clemson
3,09/20/25,Syracuse,12:00 pm,Home,,,2025,Clemson
4,10/04/25,North Carolina,12:00 pm,Away,,,2025,Clemson
5,10/11/25,Boston College,12:00 pm,Away,,,2025,Clemson
6,10/18/25,SMU,12:00 pm,Home,,,2025,Clemson
7,11/01/25,Duke,12:00 pm,Home,,,2025,Clemson
8,11/08/25,Florida St,12:00 pm,Home,,,2025,Clemson
9,11/14/25,Louisville,8:00 pm,Away,,,2025,Clemson
10,11/22/25,Furman,12:00 pm,Home,,,2025,Clemson
11,11/29/25,South Carolina,12:00 pm,Away,,,2025,Clemson
0,08/30/25,Virginia,6:00 pm,Away,,,2025,Coastal Carolina
1,09/06/25,Charl South,7:30 pm,Home,,,2025,Coastal Carolina
2,09/13/25,E Carolina,7:30 pm,Home,,,2025,Coastal Carolina
3,09/20/25,S Alabama,12:00 pm,Away,,,2025,Coastal Carolina
4,10/04/25,Old Dominion,12:00 pm,Away,,,2025,Coastal Carolina
5,10/11/25,UL Monroe,12:00 pm,Home,,,2025,Coastal Carolina
6,10/18/25,App State,12:00 pm,Away,,,2025,Coastal Carolina
7,10/30/25,Marshall,7:30 pm,Home,,,2025,Coastal Carolina
8,11/08/25,Georgia St,12:00 pm,Home,,,2025,Coastal Carolina
9,11/15/25,Georgia So,12:00 pm,Away,,,2025,Coastal Carolina
10,11/22/25,South Carolina,12:00 pm,Away,,,2025,Coastal Carolina
11,11/29/25,J Madison,12:00 pm,Home,,,2025,Coastal Carolina
0,08/29/25,Georgia Tech,8:00 pm,Home,,,2025,Colorado
1,09/06/25,Delaware,3:30 pm,Home,,,2025,Colorado
2,09/12/25,Houston,7:30 pm,Away,,,2025,Colorado
3,09/20/25,Wyoming,12:00 pm,Home,,,2025,Colorado
4,09/27/25,BYU,10:15 pm,Home,,,2025,Colorado
5,10/04/25,TCU,12:00 pm,Away,,,2025,Colorado
6,10/11/25,Iowa St,12:00 pm,Home,,,2025,Colorado
7,10/25/25,Utah,12:00 pm,Away,,,2025,Colorado
8,11/01/25,Arizona,12:00 pm,Home,,,2025,Colorado
9,11/08/25,West Virginia,12:00 pm,Away,,,2025,Colorado
10,11/22/25,Arizona St,12:00 pm,Home,,,2025,Colorado
11,11/29/25,Kansas St,12:00 pm,Away,,,2025,Colorado
0,08/30/25,Washington,11:00 pm,Away,,,2025,Colorado State
1,09/06/25,N Colorado,12:00 pm,Home,,,2025,Colorado State
2,09/20/25,UTSA,12:00 pm,Home,,,2025,Colorado State
3,09/27/25,Washington St,7:30 pm,Home,,,2025,Colorado State
4,10/03/25,San Diego St,10:30 pm,Away,,,2025,Colorado State
5,10/10/25,Fresno St,9:00 pm,Home,,,2025,Colorado State
6,10/18/25,Hawai'i,12:00 pm,Home,,,2025,Colorado State
7,10/25/25,Wyoming,7:30 pm,Away,,,2025,Colorado State
8,11/08/25,UNLV,12:00 pm,Home,,,2025,Colorado State
9,11/15/25,New Mexico,12:00 pm,Away,,,2025,Colorado State
10,11/22/25,Boise St,12:00 pm,Away,,,2025,Colorado State
11,11/28/25,Air Force,12:00 pm,Home,,,2025,Colorado State
0,08/28/25,Delaware State,7:00 pm,Home,,,2025,Delaware
1,09/06/25,Colorado,3:30 pm,Away,,,2025,Delaware
2,09/13/25,UConn,3:00 pm,Home,,,2025,Delaware
3,09/20/25,Florida Intl,6:00 pm,Away,,,2025,Delaware
4,10/03/25,W Kentucky,7:00 pm,Home,,,2025,Delaware
5,10/15/25,Jacksonville St,7:00 pm,Away,,,2025,Delaware
6,10/22/25,Middle Tenn,7:30 pm,Home,,,2025,Delaware
7,11/01/25,Liberty,3:30 pm,Away,,,2025,Delaware
8,11/08/25,Louisiana Tech,3:00 pm,Home,,,2025,Delaware
9,11/15/25,Sam Houston,1:00 pm,Away,,,2025,Delaware
10,11/22/25,Wake Forest,12:00 pm,Away,,,2025,Delaware
11,11/29/25,UTEP,1:00 pm,Home,,,2025,Delaware
0,08/28/25,Elon,7:30 pm,Home,,,2025,Duke
1,09/06/25,Illinois,12:00 pm,Home,,,2025,Duke
2,09/13/25,Tulane,8:00 pm,Away,,,2025,Duke
3,09/20/25,NC State,12:00 pm,Home,,,2025,Duke
4,09/27/25,Syracuse,12:00 pm,Away,,,2025,Duke
5,10/04/25,California,12:00 pm,Away,,,2025,Duke
6,10/18/25,Georgia Tech,12:00 pm,Home,,,2025,Duke
7,11/01/25,Clemson,12:00 pm,Away,,,2025,Duke
8,11/08/25,UConn,3:30 pm,Away,,,2025,Duke
9,11/15/25,Virginia,12:00 pm,Home,,,2025,Duke
10,11/22/25,North Carolina,12:00 pm,Away,,,2025,Duke
11,11/29/25,Wake Forest,12:00 pm,Home,,,2025,Duke
0,08/28/25,NC State,7:00 pm,Away,,,2025,East Carolina
1,09/06/25,Campbell,6:00 pm,Home,,,2025,East Carolina
2,09/13/25,Coastal Car,7:30 pm,Away,,,2025,East Carolina
3,09/20/25,BYU,12:00 pm,Home,,,2025,East Carolina
4,09/25/25,Army,7:30 pm,Home,,,2025,East Carolina
5,10/09/25,Tulane,12:00 pm,Away,,,2025,East Carolina
6,10/16/25,Tulsa,7:30 pm,Home,,,2025,East Carolina
7,11/01/25,Temple,12:00 pm,Away,,,2025,East Carolina
8,11/08/25,Charlotte,12:00 pm,Home,,,2025,East Carolina
9,11/15/25,Memphis,12:00 pm,Home,,,2025,East Carolina
10,11/22/25,UTSA,12:00 pm,Away,,,2025,East Carolina
11,11/29/25,Florida Atlantic,12:00 pm,Away,,,2025,East Carolina
0,08/30/25,Texas St,8:00 pm,Away,,,2025,Eastern Michigan
1,09/06/25,LIU,7:00 pm,Home,,,2025,Eastern Michigan
2,09/13/25,Kentucky,7:30 pm,Away,,,2025,Eastern Michigan
3,09/20/25,Louisiana,12:00 pm,Home,,,2025,Eastern Michigan
4,09/27/25,C Michigan,12:00 pm,Away,,,2025,Eastern Michigan
5,10/04/25,Buffalo,12:00 pm,Away,,,2025,Eastern Michigan
6,10/11/25,N Illinois,12:00 pm,Home,,,2025,Eastern Michigan
7,10/18/25,Miami OH,12:00 pm,Away,,,2025,Eastern Michigan
8,10/25/25,Ohio,12:00 pm,Home,,,2025,Eastern Michigan
9,11/08/25,Bowling Green,12:00 pm,Home,,,2025,Eastern Michigan
10,11/15/25,Ball St,12:00 pm,Away,,,2025,Eastern Michigan
11,11/25/25,W Michigan,12:00 pm,Home,,,2025,Eastern Michigan
0,08/30/25,LIU,7:00 pm,Home,,,2025,Florida
1,09/06/25,S Florida,4:15 pm,Home,,,2025,Florida
2,09/13/25,LSU,7:30 pm,Away,,,2025,Florida
3,09/20/25,Miami,12:00 pm,Away,,,2025,Florida
4,10/04/25,Texas,12:00 pm,Home,,,2025,Florida
5,10/11/25,Texas A&M,12:00 pm,Away,,,2025,Florida
6,10/18/25,Mississippi St,12:00 pm,Home,,,2025,Florida
7,11/01/25,Georgia,3:30 pm,Neutral,,,2025,Florida
8,11/08/25,Kentucky,12:00 pm,Away,,,2025,Florida
9,11/15/25,Mississippi,12:00 pm,Away,,,2025,Florida
10,11/22/25,Tennessee,12:00 pm,Home,,,2025,Florida
11,11/29/25,Florida St,12:00 pm,Home,,,2025,Florida
0,08/30/25,Maryland,12:00 pm,Away,,,2025,Florida Atlantic
1,09/06/25,Florida A&M,6:00 pm,Home,,,2025,Florida Atlantic
2,09/13/25,Florida Intl,6:00 pm,Away,,,2025,Florida Atlantic
3,09/27/25,Memphis,12:00 pm,Home,,,2025,Florida Atlantic
4,10/04/25,Rice,12:00 pm,Away,,,2025,Florida Atlantic
5,10/11/25,UAB,12:00 pm,Home,,,2025,Florida Atlantic
6,10/18/25,S Florida,12:00 pm,Away,,,2025,Florida Atlantic
7,10/25/25,Navy,3:30 pm,Away,,,2025,Florida Atlantic
8,11/08/25,Tulsa,12:00 pm,Home,,,2025,Florida Atlantic
9,11/15/25,Tulane,12:00 pm,Away,,,2025,Florida Atlantic
10,11/22/25,UConn,12:00 pm,Home,,,2025,Florida Atlantic
11,11/29/25,E Carolina,12:00 pm,Home,,,2025,Florida Atlantic
0,08/29/25,Beth-Cook,7:00 pm,Home,,,2025,Florida International
1,09/06/25,Penn St,12:00 pm,Away,,,2025,Florida International
2,09/13/25,Florida Atlantic,6:00 pm,Home,,,2025,Florida International
3,09/20/25,Delaware,6:00 pm,Home,,,2025,Florida International
4,10/04/25,UConn,3:30 pm,Away,,,2025,Florida International
5,10/14/25,W Kentucky,8:00 pm,Away,,,2025,Florida International
6,10/21/25,Kennesaw St,7:00 pm,Home,,,2025,Florida International
7,10/29/25,Missouri St,8:00 pm,Away,,,2025,Florida International
8,11/08/25,Middle Tenn,12:00 pm,Away,,,2025,Florida International
9,11/15/25,Liberty,12:00 pm,Home,,,2025,Florida International
10,11/22/25,Jacksonville St,3:30 pm,Home,,,2025,Florida International
11,11/29/25,Sam Houston,12:00 pm,Away,,,2025,Florida International
0,08/30/25,Alabama,3:30 pm,Home,,,2025,Florida State
1,09/06/25,Texas A&M-Commerce,12:00 pm,Home,,,2025,Florida State
2,09/20/25,Kent St,12:00 pm,Home,,,2025,Florida State
3,09/26/25,Virginia,7:00 pm,Away,,,2025,Florida State
4,10/04/25,Miami,12:00 pm,Home,,,2025,Florida State
5,10/11/25,Pittsburgh,12:00 pm,Home,,,2025,Florida State
6,10/18/25,Stanford,10:30 pm,Away,,,2025,Florida State
7,11/01/25,Wake Forest,12:00 pm,Home,,,2025,Florida State
8,11/08/25,Clemson,12:00 pm,Away,,,2025,Florida State
9,11/15/25,Virginia Tech,12:00 pm,Home,,,2025,Florida State
10,11/21/25,NC State,8:00 pm,Away,,,2025,Florida State
11,11/29/25,Florida,12:00 pm,Away,,,2025,Florida State
0,08/23/25,Kansas,6:30 pm,Away,,,2025,Fresno State
1,08/30/25,Georgia So,9:30 pm,Home,,,2025,Fresno State
2,09/06/25,Oregon St,3:30 pm,Away,,,2025,Fresno State
3,09/13/25,Southern,12:00 pm,Home,,,2025,Fresno State
4,09/20/25,Hawai'i,12:00 pm,Away,,,2025,Fresno State
5,10/04/25,Nevada,10:30 pm,Home,,,2025,Fresno State
6,10/10/25,Colorado St,9:00 pm,Away,,,2025,Fresno State
7,10/25/25,San Diego St,12:00 pm,Home,,,2025,Fresno State
8,11/01/25,Boise St,12:00 pm,Away,,,2025,Fresno State
9,11/15/25,Wyoming,12:00 pm,Home,,,2025,Fresno State
10,11/22/25,Utah St,10:30 pm,Home,,,2025,Fresno State
11,11/29/25,San Jose St,12:00 pm,Away,,,2025,Fresno State
0,08/30/25,Marshall,3:30 pm,Home,,,2025,Georgia
1,09/06/25,Austin Peay,3:30 pm,Home,,,2025,Georgia
2,09/13/25,Tennessee,3:30 pm,Away,,,2025,Georgia
3,09/27/25,Alabama,7:30 pm,Home,,,2025,Georgia
4,10/04/25,Kentucky,12:00 pm,Home,,,2025,Georgia
5,10/11/25,Auburn,12:00 pm,Away,,,2025,Georgia
6,10/18/25,Mississippi,12:00 pm,Home,,,2025,Georgia
7,11/01/25,Florida,3:30 pm,Neutral,,,2025,Georgia
8,11/08/25,Mississippi St,12:00 pm,Away,,,2025,Georgia
9,11/15/25,Texas,12:00 pm,Home,,,2025,Georgia
10,11/22/25,Charlotte,12:45 pm,Home,,,2025,Georgia
11,11/28/25,Georgia Tech,3:30 pm,Neutral,,,2025,Georgia
0,08/30/25,Fresno St,9:30 pm,Away,,,2025,Georgia Southern
1,09/06/25,USC,7:30 pm,Away,,,2025,Georgia Southern
2,09/13/25,Jacksonville St,7:00 pm,Home,,,2025,Georgia Southern
3,09/20/25,Maine,7:00 pm,Home,,,2025,Georgia Southern
4,09/27/25,J Madison,12:00 pm,Away,,,2025,Georgia Southern
5,10/09/25,Southern Miss,12:00 pm,Home,,,2025,Georgia Southern
6,10/18/25,Georgia St,12:00 pm,Home,,,2025,Georgia Southern
7,10/25/25,Arkansas St,12:00 pm,Away,,,2025,Georgia Southern
8,11/06/25,App State,12:00 pm,Away,,,2025,Georgia Southern
9,11/15/25,Coastal Car,12:00 pm,Home,,,2025,Georgia Southern
10,11/22/25,Old Dominion,12:00 pm,Home,,,2025,Georgia Southern
11,11/29/25,Marshall,12:00 pm,Away,,,2025,Georgia Southern
0,08/30/25,Mississippi,7:45 pm,Away,,,2025,Georgia State
1,09/06/25,Memphis,7:00 pm,Home,,,2025,Georgia State
2,09/13/25,Murray St,7:00 pm,Home,,,2025,Georgia State
3,09/20/25,Vanderbilt,7:30 pm,Away,,,2025,Georgia State
4,10/04/25,J Madison,12:00 pm,Home,,,2025,Georgia State
5,10/11/25,App State,12:00 pm,Home,,,2025,Georgia State
6,10/18/25,Georgia So,12:00 pm,Away,,,2025,Georgia State
7,10/23/25,S Alabama,7:30 pm,Home,,,2025,Georgia State
8,11/08/25,Coastal Car,12:00 pm,Away,,,2025,Georgia State
9,11/15/25,Marshall,12:00 pm,Home,,,2025,Georgia State
10,11/22/25,Troy,12:00 pm,Away,,,2025,Georgia State
11,11/29/25,Old Dominion,12:00 pm,Away,,,2025,Georgia State
0,08/29/25,Colorado,8:00 pm,Away,,,2025,Georgia Tech
1,09/06/25,Gard-Webb,3:30 pm,Home,,,2025,Georgia Tech
2,09/13/25,Clemson,12:00 pm,Home,,,2025,Georgia Tech
3,09/20/25,Temple,12:00 pm,Home,,,2025,Georgia Tech
4,09/27/25,Wake Forest,12:00 pm,Away,,,2025,Georgia Tech
5,10/11/25,Virginia Tech,12:00 pm,Home,,,2025,Georgia Tech
6,10/18/25,Duke,12:00 pm,Away,,,2025,Georgia Tech
7,10/25/25,Syracuse,12:00 pm,Home,,,2025,Georgia Tech
8,11/01/25,NC State,12:00 pm,Away,,,2025,Georgia Tech
9,11/15/25,Boston College,12:00 pm,Away,,,2025,Georgia Tech
10,11/22/25,Pittsburgh,12:00 pm,Home,,,2025,Georgia Tech
11,11/28/25,Georgia,3:30 pm,Neutral,,,2025,Georgia Tech
0,08/23/25,Stanford,7:30 pm,Home,,,2025,Hawaii Rainbow Warriors
1,08/30/25,Arizona,10:30 pm,Away,,,2025,Hawaii Rainbow Warriors
2,09/06/25,Sam Houston,12:00 pm,Home,,,2025,Hawaii Rainbow Warriors
3,09/13/25,Portland St,12:00 pm,Home,,,2025,Hawaii Rainbow Warriors
4,09/20/25,Fresno St,12:00 pm,Home,,,2025,Hawaii Rainbow Warriors
5,09/27/25,Air Force,12:00 pm,Away,,,2025,Hawaii Rainbow Warriors
6,10/11/25,Utah St,12:00 pm,Home,,,2025,Hawaii Rainbow Warriors
7,10/18/25,Colorado St,12:00 pm,Away,,,2025,Hawaii Rainbow Warriors
8,11/01/25,San Jose St,10:30 pm,Away,,,2025,Hawaii Rainbow Warriors
9,11/08/25,San Diego St,12:00 pm,Home,,,2025,Hawaii Rainbow Warriors
10,11/21/25,UNLV,10:30 pm,Away,,,2025,Hawaii Rainbow Warriors
11,11/29/25,Wyoming,12:00 pm,Home,,,2025,Hawaii Rainbow Warriors
0,08/28/25,Ste F Austin,8:00 pm,Home,,,2025,Houston
1,09/06/25,Rice,7:00 pm,Away,,,2025,Houston
2,09/12/25,Colorado,7:30 pm,Home,,,2025,Houston
3,09/26/25,Oregon St,10:30 pm,Away,,,2025,Houston
4,10/04/25,Texas Tech,12:00 pm,Home,,,2025,Houston
5,10/11/25,Oklahoma St,12:00 pm,Away,,,2025,Houston
6,10/18/25,Arizona,12:00 pm,Home,,,2025,Houston
7,10/25/25,Arizona St,12:00 pm,Away,,,2025,Houston
8,11/01/25,West Virginia,12:00 pm,Home,,,2025,Houston
9,11/07/25,UCF,12:00 pm,Away,,,2025,Houston
10,11/22/25,TCU,12:00 pm,Home,,,2025,Houston
11,11/29/25,Baylor,12:00 pm,Away,,,2025,Houston
0,08/29/25,W Illinois,7:30 pm,Home,,,2025,Illinois
1,09/06/25,Duke,12:00 pm,Away,,,2025,Illinois
2,09/13/25,W Michigan,7:00 pm,Home,,,2025,Illinois
3,09/20/25,Indiana,12:00 pm,Away,,,2025,Illinois
4,09/27/25,USC,12:00 pm,Home,,,2025,Illinois
5,10/04/25,Purdue,12:00 pm,Away,,,2025,Illinois
6,10/11/25,Ohio St,12:00 pm,Home,,,2025,Illinois
7,10/25/25,Washington,12:00 pm,Away,,,2025,Illinois
8,11/01/25,Rutgers,12:00 pm,Home,,,2025,Illinois
9,11/15/25,Maryland,12:00 pm,Home,,,2025,Illinois
10,11/22/25,Wisconsin,12:00 pm,Away,,,2025,Illinois
11,11/29/25,Northwestern,12:00 pm,Home,,,2025,Illinois
0,08/30/25,Old Dominion,2:30 pm,Home,,,2025,Indiana
1,09/06/25,Kennesaw St,12:00 pm,Home,,,2025,Indiana
2,09/12/25,Indiana St,12:00 pm,Home,,,2025,Indiana
3,09/20/25,Illinois,12:00 pm,Home,,,2025,Indiana
4,09/27/25,Iowa,12:00 pm,Away,,,2025,Indiana
5,10/11/25,Oregon,12:00 pm,Away,,,2025,Indiana
6,10/18/25,Michigan St,12:00 pm,Home,,,2025,Indiana
7,10/25/25,UCLA,12:00 pm,Home,,,2025,Indiana
8,11/01/25,Maryland,12:00 pm,Away,,,2025,Indiana
9,11/08/25,Penn St,12:00 pm,Away,,,2025,Indiana
10,11/15/25,Wisconsin,12:00 pm,Home,,,2025,Indiana
11,11/28/25,Purdue,7:30 pm,Away,,,2025,Indiana
0,08/30/25,Albany,6:00 pm,Home,,,2025,Iowa
1,09/06/25,Iowa St,12:00 pm,Away,,,2025,Iowa
2,09/13/25,UMass,7:30 pm,Home,,,2025,Iowa
3,09/19/25,Rutgers,8:00 pm,Away,,,2025,Iowa
4,09/27/25,Indiana,12:00 pm,Home,,,2025,Iowa
5,10/11/25,Wisconsin,12:00 pm,Away,,,2025,Iowa
6,10/18/25,Penn St,12:00 pm,Home,,,2025,Iowa
7,10/25/25,Minnesota,12:00 pm,Home,,,2025,Iowa
8,11/08/25,Oregon,12:00 pm,Home,,,2025,Iowa
9,11/15/25,USC,12:00 pm,Away,,,2025,Iowa
10,11/22/25,Michigan St,12:00 pm,Home,,,2025,Iowa
11,11/28/25,Nebraska,12:00 pm,Away,,,2025,Iowa
0,08/23/25,Kansas St,12:00 pm,Neutral,,,2025,Iowa State
1,08/30/25,South Dakota,3:30 pm,Home,,,2025,Iowa State
2,09/06/25,Iowa,12:00 pm,Home,,,2025,Iowa State
3,09/13/25,Arkansas St,4:00 pm,Away,,,2025,Iowa State
4,09/27/25,Arizona,12:00 pm,Home,,,2025,Iowa State
5,10/04/25,Cincinnati,12:00 pm,Away,,,2025,Iowa State
6,10/11/25,Colorado,12:00 pm,Away,,,2025,Iowa State
7,10/25/25,BYU,12:00 pm,Home,,,2025,Iowa State
8,11/01/25,Arizona St,12:00 pm,Home,,,2025,Iowa State
9,11/08/25,TCU,12:00 pm,Away,,,2025,Iowa State
10,11/22/25,Kansas,12:00 pm,Home,,,2025,Iowa State
11,11/29/25,Oklahoma St,12:00 pm,Away,,,2025,Iowa State
0,08/30/25,Weber State,6:00 pm,Home,,,2025,James Madison
1,09/05/25,Louisville,7:00 pm,Away,,,2025,James Madison
2,09/20/25,Liberty,12:00 pm,Away,,,2025,James Madison
3,09/27/25,Georgia So,12:00 pm,Home,,,2025,James Madison
4,10/04/25,Georgia St,12:00 pm,Away,,,2025,James Madison
5,10/11/25,Louisiana,12:00 pm,Home,,,2025,James Madison
6,10/18/25,Old Dominion,12:00 pm,Home,,,2025,James Madison
7,10/28/25,Texas St,7:30 pm,Away,,,2025,James Madison
8,11/08/25,Marshall,12:00 pm,Away,,,2025,James Madison
9,11/15/25,App State,12:00 pm,Home,,,2025,James Madison
10,11/22/25,Washington St,12:00 pm,Home,,,2025,James Madison
11,11/29/25,Coastal Car,12:00 pm,Away,,,2025,James Madison
0,08/28/25,UCF,7:00 pm,Away,,,2025,Jacksonville State
1,09/06/25,Liberty,12:00 pm,Home,,,2025,Jacksonville State
2,09/13/25,Georgia So,7:00 pm,Away,,,2025,Jacksonville State
3,09/20/25,Murray St,7:00 pm,Home,,,2025,Jacksonville State
4,09/27/25,Southern Miss,12:00 pm,Away,,,2025,Jacksonville State
5,10/09/25,Sam Houston,8:00 pm,Away,,,2025,Jacksonville State
6,10/15/25,Delaware,7:00 pm,Home,,,2025,Jacksonville State
7,10/29/25,Middle Tenn,7:30 pm,Away,,,2025,Jacksonville State
8,11/08/25,UTEP,3:00 pm,Away,,,2025,Jacksonville State
9,11/15/25,Kennesaw St,2:00 pm,Home,,,2025,Jacksonville State
10,11/22/25,Florida Intl,3:30 pm,Away,,,2025,Jacksonville State
11,11/29/25,W Kentucky,2:00 pm,Home,,,2025,Jacksonville State
0,08/23/25,Fresno St,6:30 pm,Home,,,2025,Kansas
1,08/29/25,Wagner,7:30 pm,Home,,,2025,Kansas
2,09/06/25,Missouri,3:30 pm,Away,,,2025,Kansas
3,09/20/25,West Virginia,12:00 pm,Home,,,2025,Kansas
4,09/27/25,Cincinnati,12:00 pm,Home,,,2025,Kansas
5,10/04/25,UCF,12:00 pm,Away,,,2025,Kansas
6,10/11/25,Texas Tech,12:00 pm,Away,,,2025,Kansas
7,10/25/25,Kansas St,12:00 pm,Home,,,2025,Kansas
8,11/01/25,Oklahoma St,12:00 pm,Home,,,2025,Kansas
9,11/08/25,Arizona,12:00 pm,Away,,,2025,Kansas
10,11/22/25,Iowa St,12:00 pm,Away,,,2025,Kansas
11,11/28/25,Utah,12:00 pm,Home,,,2025,Kansas
0,08/23/25,Iowa St,12:00 pm,Neutral,,,2025,Kansas State
1,08/30/25,North Dakota,7:00 pm,Home,,,2025,Kansas State
2,09/06/25,Army,7:00 pm,Home,,,2025,Kansas State
3,09/12/25,Arizona,9:00 pm,Away,,,2025,Kansas State
4,09/27/25,UCF,12:00 pm,Home,,,2025,Kansas State
5,10/04/25,Baylor,12:00 pm,Away,,,2025,Kansas State
6,10/11/25,TCU,12:00 pm,Home,,,2025,Kansas State
7,10/25/25,Kansas,12:00 pm,Away,,,2025,Kansas State
8,11/01/25,Texas Tech,12:00 pm,Home,,,2025,Kansas State
9,11/15/25,Oklahoma St,12:00 pm,Away,,,2025,Kansas State
10,11/22/25,Utah,12:00 pm,Away,,,2025,Kansas State
11,11/29/25,Colorado,12:00 pm,Home,,,2025,Kansas State
0,08/29/25,Wake Forest,7:00 pm,Away,,,2025,Kennesaw State
1,09/06/25,Indiana,12:00 pm,Away,,,2025,Kennesaw State
2,09/13/25,Merrimack,6:00 pm,Home,,,2025,Kennesaw State
3,09/20/25,Arkansas St,6:00 pm,Home,,,2025,Kennesaw State
4,09/27/25,Middle Tenn,12:00 pm,Home,,,2025,Kennesaw State
5,10/09/25,Louisiana Tech,7:00 pm,Home,,,2025,Kennesaw State
6,10/21/25,Florida Intl,7:00 pm,Away,,,2025,Kennesaw State
7,10/28/25,UTEP,8:00 pm,Home,,,2025,Kennesaw State
8,11/08/25,New Mexico St,4:00 pm,Away,,,2025,Kennesaw State
9,11/15/25,Jacksonville St,2:00 pm,Away,,,2025,Kennesaw State
10,11/22/25,Missouri St,12:00 pm,Home,,,2025,Kennesaw State
11,11/29/25,Liberty,3:30 pm,Away,,,2025,Kennesaw State
0,08/30/25,Merrimack,12:00 pm,Home,,,2025,Kent State
1,09/06/25,Texas Tech,12:00 pm,Away,,,2025,Kent State
2,09/13/25,Buffalo,12:00 pm,Home,,,2025,Kent State
3,09/20/25,Florida St,12:00 pm,Away,,,2025,Kent State
4,10/04/25,Oklahoma,4:00 pm,Away,,,2025,Kent State
5,10/11/25,UMass,12:00 pm,Home,,,2025,Kent State
6,10/18/25,Toledo,12:00 pm,Away,,,2025,Kent State
7,10/25/25,Bowling Green,12:00 pm,Home,,,2025,Kent State
8,11/05/25,Ball St,12:00 pm,Away,,,2025,Kent State
9,11/11/25,Akron,7:30 pm,Away,,,2025,Kent State
10,11/19/25,C Michigan,7:00 pm,Home,,,2025,Kent State
11,11/28/25,N Illinois,12:00 pm,Away,,,2025,Kent State
0,08/30/25,Toledo,12:45 pm,Home,,,2025,Kentucky
1,09/06/25,Mississippi,3:30 pm,Home,,,2025,Kentucky
2,09/13/25,E Michigan,7:30 pm,Home,,,2025,Kentucky
3,09/27/25,South Carolina,12:00 pm,Away,,,2025,Kentucky
4,10/04/25,Georgia,12:00 pm,Away,,,2025,Kentucky
5,10/18/25,Texas,12:00 pm,Home,,,2025,Kentucky
6,10/25/25,Tennessee,12:00 pm,Home,,,2025,Kentucky
7,11/01/25,Auburn,12:00 pm,Away,,,2025,Kentucky
8,11/08/25,Florida,12:00 pm,Home,,,2025,Kentucky
9,11/15/25,TN Tech,1:30 pm,Home,,,2025,Kentucky
10,11/22/25,Vanderbilt,12:00 pm,Away,,,2025,Kentucky
11,11/29/25,Louisville,12:00 pm,Away,,,2025,Kentucky
0,08/30/25,Maine,4:00 pm,Home,,,2025,Liberty
1,09/06/25,Jacksonville St,12:00 pm,Away,,,2025,Liberty
2,09/13/25,Bowling Green,5:00 pm,Away,,,2025,Liberty
3,09/20/25,J Madison,12:00 pm,Home,,,2025,Liberty
4,09/27/25,Old Dominion,12:00 pm,Away,,,2025,Liberty
5,10/08/25,UTEP,8:00 pm,Away,,,2025,Liberty
6,10/14/25,New Mexico St,7:00 pm,Home,,,2025,Liberty
7,11/01/25,Delaware,3:30 pm,Home,,,2025,Liberty
8,11/08/25,Missouri St,12:00 pm,Home,,,2025,Liberty
9,11/15/25,Florida Intl,12:00 pm,Away,,,2025,Liberty
10,11/22/25,Louisiana Tech,12:00 pm,Away,,,2025,Liberty
11,11/29/25,Kennesaw St,3:30 pm,Home,,,2025,Liberty
0,08/30/25,Rice,8:00 pm,Home,,,2025,Louisiana
1,09/06/25,McNeese St,8:00 pm,Home,,,2025,Louisiana
2,09/13/25,Missouri,4:00 pm,Away,,,2025,Louisiana
3,09/20/25,E Michigan,12:00 pm,Away,,,2025,Louisiana
4,09/27/25,Marshall,12:00 pm,Home,,,2025,Louisiana
5,10/11/25,J Madison,12:00 pm,Away,,,2025,Louisiana
6,10/18/25,Southern Miss,12:00 pm,Home,,,2025,Louisiana
7,10/25/25,Troy,12:00 pm,Away,,,2025,Louisiana
8,11/01/25,S Alabama,12:00 pm,Away,,,2025,Louisiana
9,11/08/25,Texas St,12:00 pm,Home,,,2025,Louisiana
10,11/20/25,Arkansas St,7:30 pm,Away,,,2025,Louisiana
11,11/29/25,UL Monroe,12:00 pm,Home,,,2025,Louisiana
0,08/30/25,SE Louisiana,7:30 pm,Home,,,2025,Louisiana Tech
1,09/06/25,LSU,7:30 pm,Away,,,2025,Louisiana Tech
2,09/13/25,New Mexico St,7:30 pm,Home,,,2025,Louisiana Tech
3,09/20/25,Southern Miss,12:00 pm,Home,,,2025,Louisiana Tech
4,09/27/25,UTEP,12:00 pm,Away,,,2025,Louisiana Tech
5,10/09/25,Kennesaw St,7:00 pm,Away,,,2025,Louisiana Tech
6,10/21/25,W Kentucky,7:30 pm,Home,,,2025,Louisiana Tech
7,10/31/25,Sam Houston,8:00 pm,Home,,,2025,Louisiana Tech
8,11/08/25,Delaware,3:00 pm,Away,,,2025,Louisiana Tech
9,11/15/25,Washington St,10:00 pm,Away,,,2025,Louisiana Tech
10,11/22/25,Liberty,12:00 pm,Home,,,2025,Louisiana Tech
11,11/29/25,Missouri St,12:00 pm,Away,,,2025,Louisiana Tech
0,08/30/25,E Kentucky,3:00 pm,Home,,,2025,Louisville
1,09/05/25,J Madison,7:00 pm,Home,,,2025,Louisville
2,09/20/25,Bowling Green,12:00 pm,Home,,,2025,Louisville
3,09/27/25,Pittsburgh,12:00 pm,Away,,,2025,Louisville
4,10/04/25,Virginia,12:00 pm,Home,,,2025,Louisville
5,10/17/25,Miami,7:00 pm,Away,,,2025,Louisville
6,10/25/25,Boston College,12:00 pm,Home,,,2025,Louisville
7,11/01/25,Virginia Tech,12:00 pm,Away,,,2025,Louisville
8,11/08/25,California,12:00 pm,Home,,,2025,Louisville
9,11/14/25,Clemson,8:00 pm,Home,,,2025,Louisville
10,11/22/25,SMU,12:00 pm,Away,,,2025,Louisville
11,11/29/25,Kentucky,12:00 pm,Home,,,2025,Louisville
0,08/30/25,Clemson,7:30 pm,Away,,,2025,Louisiana State
1,09/06/25,Louisiana Tech,7:30 pm,Home,,,2025,Louisiana State
2,09/13/25,Florida,7:30 pm,Home,,,2025,Louisiana State
3,09/20/25,SE Louisiana,7:45 pm,Home,,,2025,Louisiana State
4,09/27/25,Mississippi,12:00 pm,Away,,,2025,Louisiana State
5,10/11/25,South Carolina,12:00 pm,Home,,,2025,Louisiana State
6,10/18/25,Vanderbilt,12:00 pm,Away,,,2025,Louisiana State
7,10/25/25,Texas A&M,12:00 pm,Home,,,2025,Louisiana State
8,11/08/25,Alabama,12:00 pm,Away,,,2025,Louisiana State
9,11/15/25,Arkansas,12:00 pm,Home,,,2025,Louisiana State
10,11/22/25,W Kentucky,12:00 pm,Home,,,2025,Louisiana State
11,11/29/25,Oklahoma,12:00 pm,Away,,,2025,Louisiana State
0,08/30/25,Georgia,3:30 pm,Away,,,2025,Marshall
1,09/06/25,Missouri St,6:00 pm,Home,,,2025,Marshall
2,09/13/25,E Kentucky,6:00 pm,Home,,,2025,Marshall
3,09/20/25,Middle Tenn,12:00 pm,Away,,,2025,Marshall
4,09/27/25,Louisiana,12:00 pm,Away,,,2025,Marshall
5,10/11/25,Old Dominion,12:00 pm,Home,,,2025,Marshall
6,10/18/25,Texas St,12:00 pm,Home,,,2025,Marshall
7,10/30/25,Coastal Car,7:30 pm,Away,,,2025,Marshall
8,11/08/25,J Madison,12:00 pm,Home,,,2025,Marshall
9,11/15/25,Georgia St,12:00 pm,Away,,,2025,Marshall
10,11/22/25,App State,12:00 pm,Away,,,2025,Marshall
11,11/29/25,Georgia So,12:00 pm,Home,,,2025,Marshall
0,08/30/25,Florida Atlantic,12:00 pm,Home,,,2025,Maryland
1,09/05/25,N Illinois,7:30 pm,Home,,,2025,Maryland
2,09/13/25,Towson,12:00 pm,Home,,,2025,Maryland
3,09/20/25,Wisconsin,12:00 pm,Away,,,2025,Maryland
4,10/04/25,Washington,12:00 pm,Home,,,2025,Maryland
5,10/11/25,Nebraska,12:00 pm,Home,,,2025,Maryland
6,10/18/25,UCLA,12:00 pm,Away,,,2025,Maryland
7,11/01/25,Indiana,12:00 pm,Home,,,2025,Maryland
8,11/08/25,Rutgers,12:00 pm,Away,,,2025,Maryland
9,11/15/25,Illinois,12:00 pm,Away,,,2025,Maryland
10,11/22/25,Michigan,12:00 pm,Home,,,2025,Maryland
11,11/29/25,Michigan St,12:00 pm,Neutral,,,2025,Maryland
0,08/30/25,Chattanooga,4:30 pm,Home,,,2025,Memphis
1,09/06/25,Georgia St,7:00 pm,Away,,,2025,Memphis
2,09/13/25,Troy,12:00 pm,Away,,,2025,Memphis
3,09/20/25,Arkansas,12:00 pm,Home,,,2025,Memphis
4,09/27/25,Florida Atlantic,12:00 pm,Away,,,2025,Memphis
5,10/04/25,Tulsa,12:00 pm,Home,,,2025,Memphis
6,10/18/25,UAB,12:00 pm,Away,,,2025,Memphis
7,10/25/25,S Florida,12:00 pm,Home,,,2025,Memphis
8,10/31/25,Rice,7:00 pm,Away,,,2025,Memphis
9,11/07/25,Tulane,9:00 pm,Home,,,2025,Memphis
10,11/15/25,E Carolina,12:00 pm,Away,,,2025,Memphis
11,11/27/25,Navy,7:30 pm,Home,,,2025,Memphis
0,08/31/25,Notre Dame,7:30 pm,Home,,,2025,Miami
1,09/06/25,Beth-Cook,7:00 pm,Home,,,2025,Miami
2,09/13/25,S Florida,4:30 pm,Home,,,2025,Miami
3,09/20/25,Florida,12:00 pm,Home,,,2025,Miami
4,10/04/25,Florida St,12:00 pm,Away,,,2025,Miami
5,10/17/25,Louisville,7:00 pm,Home,,,2025,Miami
6,10/25/25,Stanford,12:00 pm,Home,,,2025,Miami
7,11/01/25,SMU,12:00 pm,Away,,,2025,Miami
8,11/08/25,Syracuse,12:00 pm,Home,,,2025,Miami
9,11/15/25,NC State,12:00 pm,Home,,,2025,Miami
10,11/22/25,Virginia Tech,12:00 pm,Away,,,2025,Miami
11,11/29/25,Pittsburgh,12:00 pm,Away,,,2025,Miami
0,08/28/25,Wisconsin,9:00 pm,Away,,,2025,Miami (OH)
1,09/06/25,Rutgers,3:30 pm,Away,,,2025,Miami (OH)
2,09/20/25,UNLV,12:00 pm,Home,,,2025,Miami (OH)
3,09/27/25,Lindenwood,3:30 pm,Home,,,2025,Miami (OH)
4,10/04/25,N Illinois,12:00 pm,Away,,,2025,Miami (OH)
5,10/11/25,Akron,12:00 pm,Away,,,2025,Miami (OH)
6,10/18/25,E Michigan,12:00 pm,Home,,,2025,Miami (OH)
7,10/25/25,W Michigan,12:00 pm,Home,,,2025,Miami (OH)
8,11/04/25,Ohio,12:00 pm,Away,,,2025,Miami (OH)
9,11/12/25,Toledo,12:00 pm,Home,,,2025,Miami (OH)
10,11/19/25,Buffalo,7:00 pm,Away,,,2025,Miami (OH)
11,11/29/25,Ball St,12:00 pm,Home,,,2025,Miami (OH)
0,08/30/25,New Mexico,7:30 pm,Home,,,2025,Michigan
1,09/06/25,Oklahoma,7:30 pm,Away,,,2025,Michigan
2,09/13/25,C Michigan,12:00 pm,Home,,,2025,Michigan
3,09/20/25,Nebraska,3:30 pm,Away,,,2025,Michigan
4,10/04/25,Wisconsin,12:00 pm,Home,,,2025,Michigan
5,10/11/25,USC,12:00 pm,Away,,,2025,Michigan
6,10/18/25,Washington,12:00 pm,Home,,,2025,Michigan
7,10/25/25,Michigan St,12:00 pm,Away,,,2025,Michigan
8,11/01/25,Purdue,12:00 pm,Home,,,2025,Michigan
9,11/15/25,Northwestern,12:00 pm,Away,,,2025,Michigan
10,11/22/25,Maryland,12:00 pm,Away,,,2025,Michigan
11,11/29/25,Ohio St,12:00 pm,Home,,,2025,Michigan
0,08/29/25,W Michigan,7:00 pm,Home,,,2025,Michigan State
1,09/06/25,Boston College,7:30 pm,Home,,,2025,Michigan State
2,09/13/25,Youngstown State,3:30 pm,Home,,,2025,Michigan State
3,09/20/25,USC,12:00 pm,Away,,,2025,Michigan State
4,10/04/25,Nebraska,12:00 pm,Away,,,2025,Michigan State
5,10/11/25,UCLA,12:00 pm,Home,,,2025,Michigan State
6,10/18/25,Indiana,12:00 pm,Away,,,2025,Michigan State
7,10/25/25,Michigan,12:00 pm,Home,,,2025,Michigan State
8,11/01/25,Minnesota,12:00 pm,Away,,,2025,Michigan State
9,11/15/25,Penn St,12:00 pm,Home,,,2025,Michigan State
10,11/22/25,Iowa,12:00 pm,Away,,,2025,Michigan State
11,11/29/25,Maryland,12:00 pm,Neutral,,,2025,Michigan State
0,08/30/25,Austin Peay,7:00 pm,Home,,,2025,Middle Tennessee
1,09/06/25,Wisconsin,4:00 pm,Away,,,2025,Middle Tennessee
2,09/13/25,Nevada,12:00 pm,Away,,,2025,Middle Tennessee
3,09/20/25,Marshall,12:00 pm,Home,,,2025,Middle Tennessee
4,09/27/25,Kennesaw St,12:00 pm,Away,,,2025,Middle Tennessee
5,10/08/25,Missouri St,7:30 pm,Home,,,2025,Middle Tennessee
6,10/22/25,Delaware,7:30 pm,Away,,,2025,Middle Tennessee
7,10/29/25,Jacksonville St,7:30 pm,Home,,,2025,Middle Tennessee
8,11/08/25,Florida Intl,12:00 pm,Home,,,2025,Middle Tennessee
9,11/15/25,W Kentucky,12:00 pm,Away,,,2025,Middle Tennessee
10,11/22/25,Sam Houston,12:00 pm,Home,,,2025,Middle Tennessee
11,11/29/25,New Mexico St,3:00 pm,Away,,,2025,Middle Tennessee
0,08/28/25,Buffalo,8:00 pm,Home,,,2025,Minnesota
1,09/06/25,NW State,12:00 pm,Home,,,2025,Minnesota
2,09/13/25,California,10:30 pm,Away,,,2025,Minnesota
3,09/27/25,Rutgers,12:00 pm,Home,,,2025,Minnesota
4,10/04/25,Ohio St,12:00 pm,Away,,,2025,Minnesota
5,10/11/25,Purdue,12:00 pm,Home,,,2025,Minnesota
6,10/17/25,Nebraska,8:00 pm,Home,,,2025,Minnesota
7,10/25/25,Iowa,12:00 pm,Away,,,2025,Minnesota
8,11/01/25,Michigan St,12:00 pm,Home,,,2025,Minnesota
9,11/14/25,Oregon,9:00 pm,Away,,,2025,Minnesota
10,11/22/25,Northwestern,12:00 pm,Away,,,2025,Minnesota
11,11/29/25,Wisconsin,12:00 pm,Home,,,2025,Minnesota
0,08/30/25,Georgia St,7:45 pm,Home,,,2025,Mississippi
1,09/06/25,Kentucky,3:30 pm,Away,,,2025,Mississippi
2,09/13/25,Arkansas,12:00 pm,Home,,,2025,Mississippi
3,09/20/25,Tulane,12:00 pm,Home,,,2025,Mississippi
4,09/27/25,LSU,12:00 pm,Home,,,2025,Mississippi
5,10/11/25,Washington St,12:45 pm,Home,,,2025,Mississippi
6,10/18/25,Georgia,12:00 pm,Away,,,2025,Mississippi
7,10/25/25,Oklahoma,12:00 pm,Away,,,2025,Mississippi
8,11/01/25,South Carolina,12:00 pm,Home,,,2025,Mississippi
9,11/08/25,The Citadel,1:00 pm,Home,,,2025,Mississippi
10,11/15/25,Florida,12:00 pm,Home,,,2025,Mississippi
11,11/28/25,Mississippi St,12:00 pm,Away,,,2025,Mississippi
0,08/30/25,Southern Miss,12:00 pm,Away,,,2025,Mississippi State
1,09/06/25,Arizona St,7:30 pm,Home,,,2025,Mississippi State
2,09/13/25,Alcorn State,6:00 pm,Home,,,2025,Mississippi State
3,09/20/25,N Illinois,4:15 pm,Home,,,2025,Mississippi State
4,09/27/25,Tennessee,12:00 pm,Home,,,2025,Mississippi State
5,10/04/25,Texas A&M,12:00 pm,Away,,,2025,Mississippi State
6,10/18/25,Florida,12:00 pm,Away,,,2025,Mississippi State
7,10/25/25,Texas,12:00 pm,Home,,,2025,Mississippi State
8,11/01/25,Arkansas,12:00 pm,Away,,,2025,Mississippi State
9,11/08/25,Georgia,12:00 pm,Home,,,2025,Mississippi State
10,11/15/25,Missouri,12:00 pm,Away,,,2025,Mississippi State
11,11/28/25,Mississippi,12:00 pm,Home,,,2025,Mississippi State
0,08/28/25,Central Ark,7:30 pm,Home,,,2025,Missouri
1,09/06/25,Kansas,3:30 pm,Home,,,2025,Missouri
2,09/13/25,Louisiana,4:00 pm,Home,,,2025,Missouri
3,09/20/25,South Carolina,12:00 pm,Home,,,2025,Missouri
4,09/27/25,UMass,12:00 pm,Home,,,2025,Missouri
5,10/11/25,Alabama,12:00 pm,Home,,,2025,Missouri
6,10/18/25,Auburn,12:00 pm,Away,,,2025,Missouri
7,10/25/25,Vanderbilt,12:00 pm,Away,,,2025,Missouri
8,11/08/25,Texas A&M,12:00 pm,Home,,,2025,Missouri
9,11/15/25,Mississippi St,12:00 pm,Home,,,2025,Missouri
10,11/22/25,Oklahoma,12:00 pm,Away,,,2025,Missouri
11,11/29/25,Arkansas,12:00 pm,Away,,,2025,Missouri
0,08/30/25,USC,7:30 pm,Away,,,2025,Missouri State
1,09/06/25,Marshall,6:00 pm,Away,,,2025,Missouri State
2,09/13/25,SMU,3:30 pm,Home,,,2025,Missouri State
3,09/20/25,TN Martin,7:00 pm,Home,,,2025,Missouri State
4,09/27/25,W Kentucky,12:00 pm,Home,,,2025,Missouri State
5,10/08/25,Middle Tenn,7:30 pm,Away,,,2025,Missouri State
6,10/22/25,New Mexico St,9:00 pm,Away,,,2025,Missouri State
7,10/29/25,Florida Intl,8:00 pm,Home,,,2025,Missouri State
8,11/08/25,Liberty,12:00 pm,Away,,,2025,Missouri State
9,11/15/25,UTEP,12:00 pm,Home,,,2025,Missouri State
10,11/22/25,Kennesaw St,12:00 pm,Away,,,2025,Missouri State
11,11/29/25,Louisiana Tech,12:00 pm,Home,,,2025,Missouri State
0,08/30/25,Holy Cross,3:30 pm,Home,,,2025,Northern Illinois
1,09/05/25,Maryland,7:30 pm,Away,,,2025,Northern Illinois
2,09/20/25,Mississippi St,4:15 pm,Away,,,2025,Northern Illinois
3,09/27/25,San Diego St,12:00 pm,Home,,,2025,Northern Illinois
4,10/04/25,Miami OH,12:00 pm,Home,,,2025,Northern Illinois
5,10/11/25,E Michigan,12:00 pm,Away,,,2025,Northern Illinois
6,10/18/25,Ohio,12:00 pm,Away,,,2025,Northern Illinois
7,10/25/25,Ball St,12:00 pm,Home,,,2025,Northern Illinois
8,11/05/25,Toledo,12:00 pm,Away,,,2025,Northern Illinois
9,11/12/25,UMass,12:00 pm,Away,,,2025,Northern Illinois
10,11/18/25,W Michigan,12:00 pm,Home,,,2025,Northern Illinois
11,11/28/25,Kent St,12:00 pm,Home,,,2025,Northern Illinois
0,08/30/25,Lamar,8:00 pm,Home,,,2025,North Texas
1,09/06/25,W Michigan,3:30 pm,Away,,,2025,North Texas
2,09/13/25,Washington St,3:30 pm,Home,,,2025,North Texas
3,09/20/25,Army,12:00 pm,Away,,,2025,North Texas
4,09/27/25,S Alabama,12:00 pm,Home,,,2025,North Texas
5,10/10/25,S Florida,7:30 pm,Home,,,2025,North Texas
6,10/18/25,UTSA,12:00 pm,Home,,,2025,North Texas
7,10/24/25,Charlotte,7:00 pm,Away,,,2025,North Texas
8,11/01/25,Navy,12:00 pm,Home,,,2025,North Texas
9,11/15/25,UAB,12:00 pm,Away,,,2025,North Texas
10,11/22/25,Rice,12:00 pm,Away,,,2025,North Texas
11,11/29/25,Temple,12:00 pm,Home,,,2025,North Texas
0,08/30/25,VA Military,12:00 pm,Home,,,2025,Navy
1,09/06/25,UAB,3:30 pm,Home,,,2025,Navy
2,09/13/25,Tulsa,8:00 pm,Away,,,2025,Navy
3,09/27/25,Rice,3:30 pm,Home,,,2025,Navy
4,10/04/25,Air Force,12:00 pm,Home,,,2025,Navy
5,10/11/25,Temple,12:00 pm,Away,,,2025,Navy
6,10/25/25,Florida Atlantic,3:30 pm,Home,,,2025,Navy
7,11/01/25,N Texas,12:00 pm,Away,,,2025,Navy
8,11/08/25,Notre Dame,7:30 pm,Away,,,2025,Navy
9,11/15/25,S Florida,12:00 pm,Home,,,2025,Navy
10,11/27/25,Memphis,7:30 pm,Away,,,2025,Navy
11,12/13/25,Army,3:00 pm,Neutral,,,2025,Navy
0,08/28/25,E Carolina,7:00 pm,Home,,,2025,Nc State Wolfpack
1,09/06/25,Virginia,12:00 pm,Home,,,2025,Nc State Wolfpack
2,09/11/25,Wake Forest,7:30 pm,Away,,,2025,Nc State Wolfpack
3,09/20/25,Duke,12:00 pm,Away,,,2025,Nc State Wolfpack
4,09/27/25,Virginia Tech,12:00 pm,Home,,,2025,Nc State Wolfpack
5,10/04/25,Campbell,12:00 pm,Home,,,2025,Nc State Wolfpack
6,10/11/25,Notre Dame,3:30 pm,Away,,,2025,Nc State Wolfpack
7,10/25/25,Pittsburgh,12:00 pm,Away,,,2025,Nc State Wolfpack
8,11/01/25,Georgia Tech,12:00 pm,Home,,,2025,Nc State Wolfpack
9,11/15/25,Miami,12:00 pm,Away,,,2025,Nc State Wolfpack
10,11/21/25,Florida St,8:00 pm,Home,,,2025,Nc State Wolfpack
11,11/29/25,North Carolina,12:00 pm,Home,,,2025,Nc State Wolfpack
0,08/28/25,Cincinnati,9:00 pm,Neutral,,,2025,Nebraska
1,09/06/25,Akron,7:30 pm,Home,,,2025,Nebraska
2,09/13/25,Houston Baptist,12:00 pm,Home,,,2025,Nebraska
3,09/20/25,Michigan,3:30 pm,Home,,,2025,Nebraska
4,10/04/25,Michigan St,12:00 pm,Home,,,2025,Nebraska
5,10/11/25,Maryland,12:00 pm,Away,,,2025,Nebraska
6,10/17/25,Minnesota,8:00 pm,Away,,,2025,Nebraska
7,10/25/25,Northwestern,12:00 pm,Home,,,2025,Nebraska
8,11/01/25,USC,12:00 pm,Home,,,2025,Nebraska
9,11/08/25,UCLA,12:00 pm,Away,,,2025,Nebraska
10,11/22/25,Penn St,12:00 pm,Away,,,2025,Nebraska
11,11/28/25,Iowa,12:00 pm,Home,,,2025,Nebraska
0,08/30/25,Penn St,3:30 pm,Away,,,2025,Nevada
1,09/06/25,Sacramento State,12:00 pm,Home,,,2025,Nevada
2,09/13/25,Middle Tenn,12:00 pm,Home,,,2025,Nevada
3,09/20/25,W Kentucky,7:00 pm,Away,,,2025,Nevada
4,10/04/25,Fresno St,10:30 pm,Away,,,2025,Nevada
5,10/11/25,San Diego St,10:30 pm,Home,,,2025,Nevada
6,10/18/25,New Mexico,12:00 pm,Away,,,2025,Nevada
7,10/24/25,Boise St,10:00 pm,Home,,,2025,Nevada
8,11/08/25,Utah St,7:30 pm,Away,,,2025,Nevada
9,11/15/25,San Jose St,3:30 pm,Home,,,2025,Nevada
10,11/22/25,Wyoming,12:00 pm,Away,,,2025,Nevada
11,11/29/25,UNLV,9:00 pm,Home,,,2025,Nevada
0,08/30/25,Michigan,7:30 pm,Away,,,2025,New Mexico
1,09/06/25,Idaho State,12:00 pm,Home,,,2025,New Mexico
2,09/12/25,UCLA,12:00 pm,Away,,,2025,New Mexico
3,09/27/25,New Mexico St,12:00 pm,Home,,,2025,New Mexico
4,10/03/25,San Jose St,10:00 pm,Away,,,2025,New Mexico
5,10/11/25,Boise St,12:00 pm,Away,,,2025,New Mexico
6,10/18/25,Nevada,12:00 pm,Home,,,2025,New Mexico
7,10/25/25,Utah St,12:00 pm,Home,,,2025,New Mexico
8,11/01/25,UNLV,3:00 pm,Away,,,2025,New Mexico
9,11/15/25,Colorado St,12:00 pm,Home,,,2025,New Mexico
10,11/22/25,Air Force,7:00 pm,Away,,,2025,New Mexico
11,11/28/25,San Diego St,3:30 pm,Home,,,2025,New Mexico
0,08/30/25,Bryant,9:00 pm,Home,,,2025,New Mexico State
1,09/06/25,Tulsa,9:00 pm,Home,,,2025,New Mexico State
2,09/13/25,Louisiana Tech,7:30 pm,Away,,,2025,New Mexico State
3,09/27/25,New Mexico,12:00 pm,Away,,,2025,New Mexico State
4,10/02/25,Sam Houston,9:00 pm,Home,,,2025,New Mexico State
5,10/14/25,Liberty,7:00 pm,Away,,,2025,New Mexico State
6,10/22/25,Missouri St,9:00 pm,Home,,,2025,New Mexico State
7,11/01/25,W Kentucky,3:30 pm,Away,,,2025,New Mexico State
8,11/08/25,Kennesaw St,4:00 pm,Home,,,2025,New Mexico State
9,11/15/25,Tennessee,4:15 pm,Away,,,2025,New Mexico State
10,11/22/25,UTEP,3:00 pm,Away,,,2025,New Mexico State
11,11/29/25,Middle Tenn,3:00 pm,Home,,,2025,New Mexico State
0,09/01/25,TCU,8:00 pm,Home,,,2025,North Carolina
1,09/06/25,Charlotte,7:00 pm,Away,,,2025,North Carolina
2,09/13/25,Richmond,3:30 pm,Home,,,2025,North Carolina
3,09/20/25,UCF,12:00 pm,Away,,,2025,North Carolina
4,10/04/25,Clemson,12:00 pm,Home,,,2025,North Carolina
5,10/17/25,California,10:30 pm,Away,,,2025,North Carolina
6,10/25/25,Virginia,12:00 pm,Home,,,2025,North Carolina
7,10/31/25,Syracuse,7:30 pm,Away,,,2025,North Carolina
8,11/08/25,Stanford,12:00 pm,Home,,,2025,North Carolina
9,11/15/25,Wake Forest,12:00 pm,Away,,,2025,North Carolina
10,11/22/25,Duke,12:00 pm,Home,,,2025,North Carolina
11,11/29/25,NC State,12:00 pm,Away,,,2025,North Carolina
0,08/30/25,Tulane,12:00 pm,Away,,,2025,Northwestern
1,09/05/25,W Illinois,7:30 pm,Home,,,2025,Northwestern
2,09/13/25,Oregon,12:00 pm,Home,,,2025,Northwestern
3,09/27/25,UCLA,12:00 pm,Home,,,2025,Northwestern
4,10/04/25,UL Monroe,12:00 pm,Home,,,2025,Northwestern
5,10/11/25,Penn St,12:00 pm,Away,,,2025,Northwestern
6,10/18/25,Purdue,12:00 pm,Home,,,2025,Northwestern
7,10/25/25,Nebraska,12:00 pm,Away,,,2025,Northwestern
8,11/07/25,USC,9:00 pm,Away,,,2025,Northwestern
9,11/15/25,Michigan,12:00 pm,Home,,,2025,Northwestern
10,11/22/25,Minnesota,12:00 pm,Home,,,2025,Northwestern
11,11/29/25,Illinois,12:00 pm,Away,,,2025,Northwestern
0,08/31/25,Miami,7:30 pm,Away,,,2025,Notre Dame
1,09/13/25,Texas A&M,7:30 pm,Home,,,2025,Notre Dame
2,09/20/25,Purdue,3:30 pm,Home,,,2025,Notre Dame
3,09/27/25,Arkansas,12:00 pm,Away,,,2025,Notre Dame
4,10/04/25,Boise St,3:30 pm,Home,,,2025,Notre Dame
5,10/11/25,NC State,3:30 pm,Home,,,2025,Notre Dame
6,10/18/25,USC,7:30 pm,Home,,,2025,Notre Dame
7,11/01/25,Boston College,12:00 pm,Away,,,2025,Notre Dame
8,11/08/25,Navy,7:30 pm,Home,,,2025,Notre Dame
9,11/15/25,Pittsburgh,12:00 pm,Away,,,2025,Notre Dame
10,11/22/25,Syracuse,3:30 pm,Home,,,2025,Notre Dame
11,11/29/25,Stanford,12:00 pm,Away,,,2025,Notre Dame
0,08/28/25,Rutgers,6:00 pm,Away,,,2025,Ohio
1,09/06/25,West Virginia,4:00 pm,Home,,,2025,Ohio
2,09/13/25,Ohio St,7:00 pm,Away,,,2025,Ohio
3,09/20/25,Gard-Webb,3:30 pm,Home,,,2025,Ohio
4,09/27/25,Bowling Green,12:00 pm,Home,,,2025,Ohio
5,10/04/25,Ball St,12:00 pm,Away,,,2025,Ohio
6,10/18/25,N Illinois,12:00 pm,Home,,,2025,Ohio
7,10/25/25,E Michigan,12:00 pm,Away,,,2025,Ohio
8,11/04/25,Miami OH,12:00 pm,Home,,,2025,Ohio
9,11/11/25,W Michigan,7:30 pm,Away,,,2025,Ohio
10,11/18/25,UMass,12:00 pm,Home,,,2025,Ohio
11,11/28/25,Buffalo,12:00 pm,Away,,,2025,Ohio
0,08/30/25,Texas,12:00 pm,Home,,,2025,Ohio State
1,09/06/25,Grambling St,3:30 pm,Home,,,2025,Ohio State
2,09/13/25,Ohio,7:00 pm,Home,,,2025,Ohio State
3,09/27/25,Washington,12:00 pm,Away,,,2025,Ohio State
4,10/04/25,Minnesota,12:00 pm,Home,,,2025,Ohio State
5,10/11/25,Illinois,12:00 pm,Away,,,2025,Ohio State
6,10/18/25,Wisconsin,12:00 pm,Away,,,2025,Ohio State
7,11/01/25,Penn St,12:00 pm,Home,,,2025,Ohio State
8,11/08/25,Purdue,12:00 pm,Away,,,2025,Ohio State
9,11/15/25,UCLA,12:00 pm,Home,,,2025,Ohio State
10,11/22/25,Rutgers,12:00 pm,Home,,,2025,Ohio State
11,11/29/25,Michigan,12:00 pm,Away,,,2025,Ohio State
0,08/30/25,Illinois State,6:00 pm,Home,,,2025,Oklahoma
1,09/06/25,Michigan,7:30 pm,Home,,,2025,Oklahoma
2,09/13/25,Temple,12:00 pm,Away,,,2025,Oklahoma
3,09/20/25,Auburn,12:00 pm,Home,,,2025,Oklahoma
4,10/04/25,Kent St,4:00 pm,Home,,,2025,Oklahoma
5,10/11/25,Texas,3:30 pm,Neutral,,,2025,Oklahoma
6,10/18/25,South Carolina,12:00 pm,Away,,,2025,Oklahoma
7,10/25/25,Mississippi,12:00 pm,Home,,,2025,Oklahoma
8,11/01/25,Tennessee,12:00 pm,Away,,,2025,Oklahoma
9,11/15/25,Alabama,12:00 pm,Away,,,2025,Oklahoma
10,11/22/25,Missouri,12:00 pm,Home,,,2025,Oklahoma
11,11/29/25,LSU,12:00 pm,Home,,,2025,Oklahoma
0,08/28/25,TN Martin,7:30 pm,Home,,,2025,Oklahoma State
1,09/06/25,Oregon,3:30 pm,Away,,,2025,Oklahoma State
2,09/19/25,Tulsa,7:00 pm,Home,,,2025,Oklahoma State
3,09/27/25,Baylor,12:00 pm,Home,,,2025,Oklahoma State
4,10/04/25,Arizona,12:00 pm,Away,,,2025,Oklahoma State
5,10/11/25,Houston,12:00 pm,Home,,,2025,Oklahoma State
6,10/18/25,Cincinnati,12:00 pm,Home,,,2025,Oklahoma State
7,10/25/25,Texas Tech,12:00 pm,Away,,,2025,Oklahoma State
8,11/01/25,Kansas,12:00 pm,Away,,,2025,Oklahoma State
9,11/15/25,Kansas St,12:00 pm,Home,,,2025,Oklahoma State
10,11/22/25,UCF,12:00 pm,Away,,,2025,Oklahoma State
11,11/29/25,Iowa St,12:00 pm,Home,,,2025,Oklahoma State
0,08/30/25,Indiana,2:30 pm,Away,,,2025,Old Dominion
1,09/06/25,North Carolina Central,6:00 pm,Home,,,2025,Old Dominion
2,09/13/25,Virginia Tech,7:00 pm,Away,,,2025,Old Dominion
3,09/27/25,Liberty,12:00 pm,Home,,,2025,Old Dominion
4,10/04/25,Coastal Car,12:00 pm,Home,,,2025,Old Dominion
5,10/11/25,Marshall,12:00 pm,Away,,,2025,Old Dominion
6,10/18/25,J Madison,12:00 pm,Away,,,2025,Old Dominion
7,10/25/25,App State,12:00 pm,Home,,,2025,Old Dominion
8,11/01/25,UL Monroe,12:00 pm,Away,,,2025,Old Dominion
9,11/13/25,Troy,7:30 pm,Home,,,2025,Old Dominion
10,11/22/25,Georgia So,12:00 pm,Away,,,2025,Old Dominion
11,11/29/25,Georgia St,12:00 pm,Home,,,2025,Old Dominion
0,08/30/25,Montana St,4:00 pm,Home,,,2025,Oregon
1,09/06/25,Oklahoma St,3:30 pm,Home,,,2025,Oregon
2,09/13/25,Northwestern,12:00 pm,Away,,,2025,Oregon
3,09/20/25,Oregon St,12:00 pm,Home,,,2025,Oregon
4,09/27/25,Penn St,7:30 pm,Away,,,2025,Oregon
5,10/11/25,Indiana,12:00 pm,Home,,,2025,Oregon
6,10/18/25,Rutgers,12:00 pm,Away,,,2025,Oregon
7,10/25/25,Wisconsin,12:00 pm,Home,,,2025,Oregon
8,11/08/25,Iowa,12:00 pm,Away,,,2025,Oregon
9,11/14/25,Minnesota,9:00 pm,Home,,,2025,Oregon
10,11/22/25,USC,12:00 pm,Home,,,2025,Oregon
11,11/29/25,Washington,12:00 pm,Away,,,2025,Oregon
0,08/30/25,California,10:30 pm,Home,,,2025,Oregon State
1,09/06/25,Fresno St,3:30 pm,Home,,,2025,Oregon State
2,09/13/25,Texas Tech,3:30 pm,Away,,,2025,Oregon State
3,09/20/25,Oregon,12:00 pm,Away,,,2025,Oregon State
4,09/26/25,Houston,10:30 pm,Home,,,2025,Oregon State
5,10/04/25,App State,12:00 pm,Away,,,2025,Oregon State
6,10/11/25,Wake Forest,3:30 pm,Home,,,2025,Oregon State
7,10/18/25,Lafayette,10:00 pm,Home,,,2025,Oregon State
8,11/01/25,Washington St,7:30 pm,Home,,,2025,Oregon State
9,11/08/25,Sam Houston,10:00 pm,Home,,,2025,Oregon State
10,11/15/25,Tulsa,10:00 pm,Away,,,2025,Oregon State
11,11/29/25,Washington St,6:30 pm,Away,,,2025,Oregon State
0,08/30/25,Nevada,3:30 pm,Home,,,2025,Penn State
1,09/06/25,Florida Intl,12:00 pm,Home,,,2025,Penn State
2,09/13/25,Villanova,3:30 pm,Home,,,2025,Penn State
3,09/27/25,Oregon,7:30 pm,Home,,,2025,Penn State
4,10/04/25,UCLA,12:00 pm,Away,,,2025,Penn State
5,10/11/25,Northwestern,12:00 pm,Home,,,2025,Penn State
6,10/18/25,Iowa,12:00 pm,Away,,,2025,Penn State
7,11/01/25,Ohio St,12:00 pm,Away,,,2025,Penn State
8,11/08/25,Indiana,12:00 pm,Home,,,2025,Penn State
9,11/15/25,Michigan St,12:00 pm,Away,,,2025,Penn State
10,11/22/25,Nebraska,12:00 pm,Home,,,2025,Penn State
11,11/29/25,Rutgers,12:00 pm,Away,,,2025,Penn State
0,08/30/25,Duquesne,12:00 pm,Home,,,2025,Pittsburgh
1,09/06/25,C Michigan,12:00 pm,Home,,,2025,Pittsburgh
2,09/13/25,West Virginia,3:30 pm,Away,,,2025,Pittsburgh
3,09/27/25,Louisville,12:00 pm,Home,,,2025,Pittsburgh
4,10/04/25,Boston College,12:00 pm,Home,,,2025,Pittsburgh
5,10/11/25,Florida St,12:00 pm,Away,,,2025,Pittsburgh
6,10/18/25,Syracuse,12:00 pm,Away,,,2025,Pittsburgh
7,10/25/25,NC State,12:00 pm,Home,,,2025,Pittsburgh
8,11/01/25,Stanford,12:00 pm,Away,,,2025,Pittsburgh
9,11/15/25,Notre Dame,12:00 pm,Home,,,2025,Pittsburgh
10,11/22/25,Georgia Tech,12:00 pm,Away,,,2025,Pittsburgh
11,11/29/25,Miami,12:00 pm,Home,,,2025,Pittsburgh
0,08/30/25,Ball St,12:00 pm,Home,,,2025,Purdue
1,09/06/25,S Illinois,7:30 pm,Home,,,2025,Purdue
2,09/13/25,USC,3:30 pm,Home,,,2025,Purdue
3,09/20/25,Notre Dame,3:30 pm,Away,,,2025,Purdue
4,10/04/25,Illinois,12:00 pm,Home,,,2025,Purdue
5,10/11/25,Minnesota,12:00 pm,Away,,,2025,Purdue
6,10/18/25,Northwestern,12:00 pm,Away,,,2025,Purdue
7,10/25/25,Rutgers,12:00 pm,Home,,,2025,Purdue
8,11/01/25,Michigan,12:00 pm,Away,,,2025,Purdue
9,11/08/25,Ohio St,12:00 pm,Home,,,2025,Purdue
10,11/15/25,Washington,12:00 pm,Away,,,2025,Purdue
11,11/28/25,Indiana,7:30 pm,Home,,,2025,Purdue
0,08/30/25,Louisiana,8:00 pm,Away,,,2025,Rice
1,09/06/25,Houston,7:00 pm,Home,,,2025,Rice
2,09/13/25,Prairie View A&M,7:00 pm,Home,,,2025,Rice
3,09/18/25,Charlotte,7:30 pm,Away,,,2025,Rice
4,09/27/25,Navy,3:30 pm,Away,,,2025,Rice
5,10/04/25,Florida Atlantic,12:00 pm,Home,,,2025,Rice
6,10/11/25,UTSA,12:00 pm,Away,,,2025,Rice
7,10/25/25,UConn,12:00 pm,Home,,,2025,Rice
8,10/31/25,Memphis,7:00 pm,Home,,,2025,Rice
9,11/08/25,UAB,12:00 pm,Home,,,2025,Rice
10,11/22/25,N Texas,12:00 pm,Home,,,2025,Rice
11,11/29/25,S Florida,12:00 pm,Away,,,2025,Rice
0,08/28/25,Ohio,6:00 pm,Home,,,2025,Rutgers
1,09/06/25,Miami OH,3:30 pm,Home,,,2025,Rutgers
2,09/13/25,Norfolk St,3:30 pm,Home,,,2025,Rutgers
3,09/19/25,Iowa,8:00 pm,Home,,,2025,Rutgers
4,09/27/25,Minnesota,12:00 pm,Away,,,2025,Rutgers
5,10/10/25,Washington,9:00 pm,Away,,,2025,Rutgers
6,10/18/25,Oregon,12:00 pm,Home,,,2025,Rutgers
7,10/25/25,Purdue,12:00 pm,Away,,,2025,Rutgers
8,11/01/25,Illinois,12:00 pm,Away,,,2025,Rutgers
9,11/08/25,Maryland,12:00 pm,Home,,,2025,Rutgers
10,11/22/25,Ohio St,12:00 pm,Away,,,2025,Rutgers
11,11/29/25,Penn St,12:00 pm,Home,,,2025,Rutgers
0,08/30/25,Morgan St,7:00 pm,Home,,,2025,South Alabama
1,09/06/25,Tulane,7:00 pm,Home,,,2025,South Alabama
2,09/13/25,Auburn,12:45 pm,Away,,,2025,South Alabama
3,09/20/25,Coastal Car,12:00 pm,Home,,,2025,South Alabama
4,09/27/25,N Texas,12:00 pm,Away,,,2025,South Alabama
5,10/04/25,Troy,12:00 pm,Away,,,2025,South Alabama
6,10/14/25,Arkansas St,7:30 pm,Home,,,2025,South Alabama
7,10/23/25,Georgia St,7:30 pm,Away,,,2025,South Alabama
8,11/01/25,Louisiana,12:00 pm,Home,,,2025,South Alabama
9,11/15/25,UL Monroe,12:00 pm,Away,,,2025,South Alabama
10,11/22/25,Southern Miss,12:00 pm,Home,,,2025,South Alabama
11,11/29/25,Texas St,12:00 pm,Away,,,2025,South Alabama
0,08/28/25,Boise St,5:30 pm,Home,,,2025,South Florida
1,09/06/25,Florida,4:15 pm,Away,,,2025,South Florida
2,09/13/25,Miami,4:30 pm,Away,,,2025,South Florida
3,09/20/25,S Car State,12:00 pm,Home,,,2025,South Florida
4,10/03/25,Charlotte,7:00 pm,Home,,,2025,South Florida
5,10/10/25,N Texas,7:30 pm,Away,,,2025,South Florida
6,10/18/25,Florida Atlantic,12:00 pm,Home,,,2025,South Florida
7,10/25/25,Memphis,12:00 pm,Away,,,2025,South Florida
8,11/06/25,UTSA,12:00 pm,Home,,,2025,South Florida
9,11/15/25,Navy,12:00 pm,Away,,,2025,South Florida
10,11/22/25,UAB,12:00 pm,Away,,,2025,South Florida
11,11/29/25,Rice,12:00 pm,Home,,,2025,South Florida
0,08/23/25,W Kentucky,7:00 pm,Away,,,2025,Sam Houston
1,08/29/25,UNLV,9:30 pm,Home,,,2025,Sam Houston
2,09/06/25,Hawai'i,12:00 pm,Away,,,2025,Sam Houston
3,09/20/25,Texas,8:00 pm,Away,,,2025,Sam Houston
4,10/02/25,New Mexico St,9:00 pm,Away,,,2025,Sam Houston
5,10/09/25,Jacksonville St,8:00 pm,Home,,,2025,Sam Houston
6,10/15/25,UTEP,7:00 pm,Home,,,2025,Sam Houston
7,10/31/25,Louisiana Tech,8:00 pm,Away,,,2025,Sam Houston
8,11/08/25,Oregon St,10:00 pm,Away,,,2025,Sam Houston
9,11/15/25,Delaware,1:00 pm,Home,,,2025,Sam Houston
10,11/22/25,Middle Tenn,12:00 pm,Away,,,2025,Sam Houston
11,11/29/25,Florida Intl,12:00 pm,Home,,,2025,Sam Houston
0,08/28/25,Stony Brook,12:00 pm,Home,,,2025,San Diego State
1,09/06/25,Washington St,10:15 pm,Away,,,2025,San Diego State
2,09/20/25,California,10:30 pm,Home,,,2025,San Diego State
3,09/27/25,N Illinois,12:00 pm,Away,,,2025,San Diego State
4,10/03/25,Colorado St,10:30 pm,Home,,,2025,San Diego State
5,10/11/25,Nevada,10:30 pm,Away,,,2025,San Diego State
6,10/25/25,Fresno St,12:00 pm,Away,,,2025,San Diego State
7,11/01/25,Wyoming,7:00 pm,Home,,,2025,San Diego State
8,11/08/25,Hawai'i,12:00 pm,Away,,,2025,San Diego State
9,11/15/25,Boise St,10:30 pm,Home,,,2025,San Diego State
10,11/22/25,San Jose St,12:00 pm,Home,,,2025,San Diego State
11,11/28/25,New Mexico,3:30 pm,Away,,,2025,San Diego State
0,08/29/25,C Michigan,10:30 pm,Home,,,2025,San Jose State
1,09/06/25,Texas,12:00 pm,Away,,,2025,San Jose State
2,09/20/25,Idaho,5:00 pm,Home,,,2025,San Jose State
3,09/27/25,Stanford,12:00 pm,Away,,,2025,San Jose State
4,10/03/25,New Mexico,10:00 pm,Home,,,2025,San Jose State
5,10/11/25,Wyoming,7:00 pm,Away,,,2025,San Jose State
6,10/17/25,Utah St,9:00 pm,Away,,,2025,San Jose State
7,11/01/25,Hawai'i,10:30 pm,Home,,,2025,San Jose State
8,11/08/25,Air Force,12:00 pm,Home,,,2025,San Jose State
9,11/15/25,Nevada,3:30 pm,Away,,,2025,San Jose State
10,11/22/25,San Diego St,12:00 pm,Away,,,2025,San Jose State
11,11/29/25,Fresno St,12:00 pm,Home,,,2025,San Jose State
0,08/30/25,Texas A&M-Commerce,9:00 pm,Home,,,2025,SMU
1,09/06/25,Baylor,12:00 pm,Home,,,2025,SMU
2,09/13/25,Missouri St,3:30 pm,Away,,,2025,SMU
3,09/20/25,TCU,12:00 pm,Away,,,2025,SMU
4,10/04/25,Syracuse,12:00 pm,Home,,,2025,SMU
5,10/11/25,Stanford,12:00 pm,Home,,,2025,SMU
6,10/18/25,Clemson,12:00 pm,Away,,,2025,SMU
7,10/25/25,Wake Forest,12:00 pm,Away,,,2025,SMU
8,11/01/25,Miami,12:00 pm,Home,,,2025,SMU
9,11/08/25,Boston College,12:00 pm,Away,,,2025,SMU
10,11/22/25,Louisville,12:00 pm,Home,,,2025,SMU
11,11/29/25,California,12:00 pm,Away,,,2025,SMU
0,08/31/25,Virginia Tech,3:00 pm,Neutral,,,2025,South Carolina
1,09/06/25,S Car State,7:00 pm,Home,,,2025,South Carolina
2,09/13/25,Vanderbilt,12:00 pm,Home,,,2025,South Carolina
3,09/20/25,Missouri,12:00 pm,Away,,,2025,South Carolina
4,09/27/25,Kentucky,12:00 pm,Home,,,2025,South Carolina
5,10/11/25,LSU,12:00 pm,Away,,,2025,South Carolina
6,10/18/25,Oklahoma,12:00 pm,Home,,,2025,South Carolina
7,10/25/25,Alabama,12:00 pm,Home,,,2025,South Carolina
8,11/01/25,Mississippi,12:00 pm,Away,,,2025,South Carolina
9,11/15/25,Texas A&M,12:00 pm,Away,,,2025,South Carolina
10,11/22/25,Coastal Car,12:00 pm,Home,,,2025,South Carolina
11,11/29/25,Clemson,12:00 pm,Home,,,2025,South Carolina
0,08/30/25,Mississippi St,12:00 pm,Home,,,2025,Southern Miss
1,09/06/25,Jackson State,5:00 pm,Home,,,2025,Southern Miss
2,09/13/25,App State,7:00 pm,Home,,,2025,Southern Miss
3,09/20/25,Louisiana Tech,12:00 pm,Away,,,2025,Southern Miss
4,09/27/25,Jacksonville St,12:00 pm,Home,,,2025,Southern Miss
5,10/09/25,Georgia So,12:00 pm,Away,,,2025,Southern Miss
6,10/18/25,Louisiana,12:00 pm,Away,,,2025,Southern Miss
7,10/25/25,UL Monroe,12:00 pm,Home,,,2025,Southern Miss
8,11/08/25,Arkansas St,12:00 pm,Away,,,2025,Southern Miss
9,11/15/25,Texas St,12:00 pm,Home,,,2025,Southern Miss
10,11/22/25,S Alabama,12:00 pm,Away,,,2025,Southern Miss
11,11/29/25,Troy,12:00 pm,Home,,,2025,Southern Miss
0,08/23/25,Hawai'i,7:30 pm,Away,,,2025,Stanford
1,09/06/25,BYU,10:15 pm,Away,,,2025,Stanford
2,09/13/25,Boston College,10:30 pm,Home,,,2025,Stanford
3,09/20/25,Virginia,12:00 pm,Away,,,2025,Stanford
4,09/27/25,San Jose St,12:00 pm,Home,,,2025,Stanford
5,10/11/25,SMU,12:00 pm,Away,,,2025,Stanford
6,10/18/25,Florida St,10:30 pm,Home,,,2025,Stanford
7,10/25/25,Miami,12:00 pm,Away,,,2025,Stanford
8,11/01/25,Pittsburgh,12:00 pm,Home,,,2025,Stanford
9,11/08/25,North Carolina,12:00 pm,Away,,,2025,Stanford
10,11/22/25,California,12:00 pm,Home,,,2025,Stanford
11,11/29/25,Notre Dame,12:00 pm,Home,,,2025,Stanford
0,08/30/25,Tennessee,12:00 pm,Neutral,,,2025,Syracuse
1,09/06/25,UConn,12:00 pm,Home,,,2025,Syracuse
2,09/12/25,Colgate,7:00 pm,Home,,,2025,Syracuse
3,09/20/25,Clemson,12:00 pm,Away,,,2025,Syracuse
4,09/27/25,Duke,12:00 pm,Home,,,2025,Syracuse
5,10/04/25,SMU,12:00 pm,Away,,,2025,Syracuse
6,10/18/25,Pittsburgh,12:00 pm,Home,,,2025,Syracuse
7,10/25/25,Georgia Tech,12:00 pm,Away,,,2025,Syracuse
8,10/31/25,North Carolina,7:30 pm,Home,,,2025,Syracuse
9,11/08/25,Miami,12:00 pm,Away,,,2025,Syracuse
10,11/22/25,Notre Dame,3:30 pm,Away,,,2025,Syracuse
11,11/29/25,Boston College,12:00 pm,Home,,,2025,Syracuse
0,09/01/25,North Carolina,8:00 pm,Away,,,2025,TCU
1,09/13/25,Abl Christian,8:00 pm,Home,,,2025,TCU
2,09/20/25,SMU,12:00 pm,Home,,,2025,TCU
3,09/26/25,Arizona St,9:00 pm,Away,,,2025,TCU
4,10/04/25,Colorado,12:00 pm,Home,,,2025,TCU
5,10/11/25,Kansas St,12:00 pm,Away,,,2025,TCU
6,10/18/25,Baylor,12:00 pm,Home,,,2025,TCU
7,10/25/25,West Virginia,12:00 pm,Away,,,2025,TCU
8,11/08/25,Iowa St,12:00 pm,Home,,,2025,TCU
9,11/15/25,BYU,12:00 pm,Away,,,2025,TCU
10,11/22/25,Houston,12:00 pm,Away,,,2025,TCU
11,11/29/25,Cincinnati,12:00 pm,Home,,,2025,TCU
0,08/30/25,UMass,3:30 pm,Away,,,2025,Temple
1,09/06/25,Howard,2:00 pm,Home,,,2025,Temple
2,09/13/25,Oklahoma,12:00 pm,Home,,,2025,Temple
3,09/20/25,Georgia Tech,12:00 pm,Away,,,2025,Temple
4,10/04/25,UTSA,12:00 pm,Home,,,2025,Temple
5,10/11/25,Navy,12:00 pm,Home,,,2025,Temple
6,10/18/25,Charlotte,12:00 pm,Away,,,2025,Temple
7,10/25/25,Tulsa,12:00 pm,Away,,,2025,Temple
8,11/01/25,E Carolina,12:00 pm,Home,,,2025,Temple
9,11/08/25,Army,12:00 pm,Away,,,2025,Temple
10,11/22/25,Tulane,12:00 pm,Home,,,2025,Temple
11,11/29/25,N Texas,12:00 pm,Away,,,2025,Temple
0,08/30/25,Syracuse,12:00 pm,Neutral,,,2025,Tennessee
1,09/06/25,East Tennessee State,3:30 pm,Home,,,2025,Tennessee
2,09/13/25,Georgia,3:30 pm,Home,,,2025,Tennessee
3,09/20/25,UAB,12:45 pm,Home,,,2025,Tennessee
4,09/27/25,Mississippi St,12:00 pm,Away,,,2025,Tennessee
5,10/11/25,Arkansas,12:00 pm,Home,,,2025,Tennessee
6,10/18/25,Alabama,12:00 pm,Away,,,2025,Tennessee
7,10/25/25,Kentucky,12:00 pm,Away,,,2025,Tennessee
8,11/01/25,Oklahoma,12:00 pm,Home,,,2025,Tennessee
9,11/15/25,New Mexico St,4:15 pm,Home,,,2025,Tennessee
10,11/22/25,Florida,12:00 pm,Away,,,2025,Tennessee
11,11/29/25,Vanderbilt,12:00 pm,Home,,,2025,Tennessee
0,08/30/25,Ohio St,12:00 pm,Away,,,2025,Texas
1,09/06/25,San Jose St,12:00 pm,Home,,,2025,Texas
2,09/13/25,UTEP,4:15 pm,Home,,,2025,Texas
3,09/20/25,Sam Houston,8:00 pm,Home,,,2025,Texas
4,10/04/25,Florida,12:00 pm,Away,,,2025,Texas
5,10/11/25,Oklahoma,3:30 pm,Neutral,,,2025,Texas
6,10/18/25,Kentucky,12:00 pm,Away,,,2025,Texas
7,10/25/25,Mississippi St,12:00 pm,Away,,,2025,Texas
8,11/01/25,Vanderbilt,12:00 pm,Home,,,2025,Texas
9,11/15/25,Georgia,12:00 pm,Away,,,2025,Texas
10,11/22/25,Arkansas,12:00 pm,Home,,,2025,Texas
11,11/28/25,Texas A&M,7:30 pm,Home,,,2025,Texas
0,08/30/25,UTSA,7:00 pm,Home,,,2025,Texas A&M
1,09/06/25,Utah St,12:45 pm,Home,,,2025,Texas A&M
2,09/13/25,Notre Dame,7:30 pm,Away,,,2025,Texas A&M
3,09/27/25,Auburn,12:00 pm,Home,,,2025,Texas A&M
4,10/04/25,Mississippi St,12:00 pm,Home,,,2025,Texas A&M
5,10/11/25,Florida,12:00 pm,Home,,,2025,Texas A&M
6,10/18/25,Arkansas,12:00 pm,Away,,,2025,Texas A&M
7,10/25/25,LSU,12:00 pm,Away,,,2025,Texas A&M
8,11/08/25,Missouri,12:00 pm,Away,,,2025,Texas A&M
9,11/15/25,South Carolina,12:00 pm,Home,,,2025,Texas A&M
10,11/22/25,Samford,12:00 pm,Home,,,2025,Texas A&M
11,11/28/25,Texas,7:30 pm,Away,,,2025,Texas A&M
0,08/30/25,E Michigan,8:00 pm,Home,,,2025,Texas State
1,09/06/25,UTSA,3:30 pm,Away,,,2025,Texas State
2,09/13/25,Arizona St,10:30 pm,Away,,,2025,Texas State
3,09/20/25,Nicholls St,8:00 pm,Home,,,2025,Texas State
4,10/04/25,Arkansas St,7:00 pm,Away,,,2025,Texas State
5,10/11/25,Troy,12:00 pm,Home,,,2025,Texas State
6,10/18/25,Marshall,12:00 pm,Away,,,2025,Texas State
7,10/28/25,J Madison,7:30 pm,Home,,,2025,Texas State
8,11/08/25,Louisiana,12:00 pm,Away,,,2025,Texas State
9,11/15/25,Southern Miss,12:00 pm,Away,,,2025,Texas State
10,11/22/25,UL Monroe,12:00 pm,Home,,,2025,Texas State
11,11/29/25,S Alabama,12:00 pm,Home,,,2025,Texas State
0,08/30/25,Arkansas-Pine Bluff,7:30 pm,Home,,,2025,Texas Tech
1,09/06/25,Kent St,12:00 pm,Home,,,2025,Texas Tech
2,09/13/25,Oregon St,3:30 pm,Home,,,2025,Texas Tech
3,09/20/25,Utah,12:00 pm,Away,,,2025,Texas Tech
4,10/04/25,Houston,12:00 pm,Away,,,2025,Texas Tech
5,10/11/25,Kansas,12:00 pm,Home,,,2025,Texas Tech
6,10/18/25,Arizona St,12:00 pm,Away,,,2025,Texas Tech
7,10/25/25,Oklahoma St,12:00 pm,Home,,,2025,Texas Tech
8,11/01/25,Kansas St,12:00 pm,Away,,,2025,Texas Tech
9,11/08/25,BYU,12:00 pm,Home,,,2025,Texas Tech
10,11/15/25,UCF,12:00 pm,Home,,,2025,Texas Tech
11,11/29/25,West Virginia,12:00 pm,Away,,,2025,Texas Tech
0,08/30/25,Kentucky,12:45 pm,Away,,,2025,Toledo
1,09/06/25,W Kentucky,7:00 pm,Home,,,2025,Toledo
2,09/13/25,Morgan St,3:30 pm,Home,,,2025,Toledo
3,09/20/25,W Michigan,12:00 pm,Away,,,2025,Toledo
4,09/27/25,Akron,12:00 pm,Home,,,2025,Toledo
5,10/11/25,Bowling Green,12:00 pm,Away,,,2025,Toledo
6,10/18/25,Kent St,12:00 pm,Home,,,2025,Toledo
7,10/25/25,Washington St,3:30 pm,Away,,,2025,Toledo
8,11/05/25,N Illinois,12:00 pm,Home,,,2025,Toledo
9,11/12/25,Miami OH,12:00 pm,Away,,,2025,Toledo
10,11/22/25,Ball St,12:00 pm,Home,,,2025,Toledo
11,11/29/25,C Michigan,12:00 pm,Away,,,2025,Toledo
0,08/30/25,Nicholls St,7:00 pm,Home,,,2025,Troy
1,09/06/25,Clemson,3:30 pm,Away,,,2025,Troy
2,09/13/25,Memphis,12:00 pm,Home,,,2025,Troy
3,09/20/25,Buffalo,12:00 pm,Away,,,2025,Troy
4,10/04/25,S Alabama,12:00 pm,Home,,,2025,Troy
5,10/11/25,Texas St,12:00 pm,Away,,,2025,Troy
6,10/18/25,UL Monroe,12:00 pm,Away,,,2025,Troy
7,10/25/25,Louisiana,12:00 pm,Home,,,2025,Troy
8,11/01/25,Arkansas St,12:00 pm,Home,,,2025,Troy
9,11/13/25,Old Dominion,7:30 pm,Away,,,2025,Troy
10,11/22/25,Georgia St,12:00 pm,Home,,,2025,Troy
11,11/29/25,Southern Miss,12:00 pm,Away,,,2025,Troy
0,08/30/25,Northwestern,12:00 pm,Home,,,2025,Tulane
1,09/06/25,S Alabama,7:00 pm,Away,,,2025,Tulane
2,09/13/25,Duke,8:00 pm,Home,,,2025,Tulane
3,09/20/25,Mississippi,12:00 pm,Away,,,2025,Tulane
4,09/27/25,Tulsa,12:00 pm,Away,,,2025,Tulane
5,10/09/25,E Carolina,12:00 pm,Home,,,2025,Tulane
6,10/18/25,Army,12:00 pm,Home,,,2025,Tulane
7,10/30/25,UTSA,7:30 pm,Away,,,2025,Tulane
8,11/07/25,Memphis,9:00 pm,Away,,,2025,Tulane
9,11/15/25,Florida Atlantic,12:00 pm,Home,,,2025,Tulane
10,11/22/25,Temple,12:00 pm,Away,,,2025,Tulane
11,11/29/25,Charlotte,12:00 pm,Home,,,2025,Tulane
0,08/30/25,Abl Christian,8:00 pm,Home,,,2025,Tulsa
1,09/06/25,New Mexico St,9:00 pm,Away,,,2025,Tulsa
2,09/13/25,Navy,8:00 pm,Home,,,2025,Tulsa
3,09/19/25,Oklahoma St,7:00 pm,Away,,,2025,Tulsa
4,09/27/25,Tulane,12:00 pm,Home,,,2025,Tulsa
5,10/04/25,Memphis,12:00 pm,Away,,,2025,Tulsa
6,10/16/25,E Carolina,7:30 pm,Away,,,2025,Tulsa
7,10/25/25,Temple,12:00 pm,Home,,,2025,Tulsa
8,11/08/25,Florida Atlantic,12:00 pm,Away,,,2025,Tulsa
9,11/15/25,Oregon St,10:00 pm,Home,,,2025,Tulsa
10,11/22/25,Army,12:00 pm,Away,,,2025,Tulsa
11,11/29/25,UAB,12:00 pm,Home,,,2025,Tulsa
0,08/28/25,Alabama St,8:30 pm,Home,,,2025,UAB
1,09/06/25,Navy,3:30 pm,Away,,,2025,UAB
2,09/13/25,Akron,8:30 pm,Home,,,2025,UAB
3,09/20/25,Tennessee,12:45 pm,Away,,,2025,UAB
4,10/04/25,Army,12:00 pm,Home,,,2025,UAB
5,10/11/25,Florida Atlantic,12:00 pm,Away,,,2025,UAB
6,10/18/25,Memphis,12:00 pm,Home,,,2025,UAB
7,11/01/25,UConn,12:00 pm,Away,,,2025,UAB
8,11/08/25,Rice,12:00 pm,Away,,,2025,UAB
9,11/15/25,N Texas,12:00 pm,Home,,,2025,UAB
10,11/22/25,S Florida,12:00 pm,Home,,,2025,UAB
11,11/29/25,Tulsa,12:00 pm,Away,,,2025,UAB
0,08/28/25,Jacksonville St,7:00 pm,Home,,,2025,UCF
1,09/06/25,North Carolina A&T,7:00 pm,Home,,,2025,UCF
2,09/20/25,North Carolina,12:00 pm,Home,,,2025,UCF
3,09/27/25,Kansas St,12:00 pm,Away,,,2025,UCF
4,10/04/25,Kansas,12:00 pm,Home,,,2025,UCF
5,10/11/25,Cincinnati,12:00 pm,Away,,,2025,UCF
6,10/18/25,West Virginia,12:00 pm,Home,,,2025,UCF
7,11/01/25,Baylor,12:00 pm,Away,,,2025,UCF
8,11/07/25,Houston,12:00 pm,Home,,,2025,UCF
9,11/15/25,Texas Tech,12:00 pm,Away,,,2025,UCF
10,11/22/25,Oklahoma St,12:00 pm,Home,,,2025,UCF
11,11/29/25,BYU,12:00 pm,Away,,,2025,UCF
0,08/30/25,Utah,11:00 pm,Home,,,2025,UCLA
1,09/06/25,UNLV,8:00 pm,Away,,,2025,UCLA
2,09/12/25,New Mexico,12:00 pm,Home,,,2025,UCLA
3,09/27/25,Northwestern,12:00 pm,Away,,,2025,UCLA
4,10/04/25,Penn St,12:00 pm,Home,,,2025,UCLA
5,10/11/25,Michigan St,12:00 pm,Away,,,2025,UCLA
6,10/18/25,Maryland,12:00 pm,Home,,,2025,UCLA
7,10/25/25,Indiana,12:00 pm,Away,,,2025,UCLA
8,11/08/25,Nebraska,12:00 pm,Home,,,2025,UCLA
9,11/15/25,Ohio St,12:00 pm,Away,,,2025,UCLA
10,11/22/25,Washington,12:00 pm,Home,,,2025,UCLA
11,11/29/25,USC,12:00 pm,Away,,,2025,UCLA
0,08/30/25,Central Connecticut State,2:00 pm,Home,,,2025,Connecticut
1,09/06/25,Syracuse,12:00 pm,Away,,,2025,Connecticut
2,09/13/25,Delaware,3:00 pm,Away,,,2025,Connecticut
3,09/20/25,Ball St,3:30 pm,Home,,,2025,Connecticut
4,09/27/25,Buffalo,12:00 pm,Away,,,2025,Connecticut
5,10/04/25,Florida Intl,3:30 pm,Home,,,2025,Connecticut
6,10/18/25,Boston College,12:00 pm,Away,,,2025,Connecticut
7,10/25/25,Rice,12:00 pm,Away,,,2025,Connecticut
8,11/01/25,UAB,12:00 pm,Home,,,2025,Connecticut
9,11/08/25,Duke,3:30 pm,Home,,,2025,Connecticut
10,11/15/25,Air Force,12:00 pm,Home,,,2025,Connecticut
11,11/22/25,Florida Atlantic,12:00 pm,Away,,,2025,Connecticut
0,08/28/25,St. Francis,7:00 pm,Home,,,2025,Louisiana-Monroe
1,09/06/25,Alabama,7:45 pm,Away,,,2025,Louisiana-Monroe
2,09/20/25,UTEP,12:00 pm,Away,,,2025,Louisiana-Monroe
3,09/27/25,Arkansas St,12:00 pm,Home,,,2025,Louisiana-Monroe
4,10/04/25,Northwestern,12:00 pm,Away,,,2025,Louisiana-Monroe
5,10/11/25,Coastal Car,12:00 pm,Away,,,2025,Louisiana-Monroe
6,10/18/25,Troy,12:00 pm,Home,,,2025,Louisiana-Monroe
7,10/25/25,Southern Miss,12:00 pm,Away,,,2025,Louisiana-Monroe
8,11/01/25,Old Dominion,12:00 pm,Home,,,2025,Louisiana-Monroe
9,11/15/25,S Alabama,12:00 pm,Home,,,2025,Louisiana-Monroe
10,11/22/25,Texas St,12:00 pm,Away,,,2025,Louisiana-Monroe
11,11/29/25,Louisiana,12:00 pm,Away,,,2025,Louisiana-Monroe
0,08/30/25,Temple,3:30 pm,Home,,,2025,Massachusetts
1,09/06/25,Bryant,3:30 pm,Home,,,2025,Massachusetts
2,09/13/25,Iowa,7:30 pm,Away,,,2025,Massachusetts
3,09/27/25,Missouri,12:00 pm,Away,,,2025,Massachusetts
4,10/04/25,W Michigan,12:00 pm,Home,,,2025,Massachusetts
5,10/11/25,Kent St,12:00 pm,Away,,,2025,Massachusetts
6,10/18/25,Buffalo,12:00 pm,Home,,,2025,Massachusetts
7,10/25/25,C Michigan,12:00 pm,Away,,,2025,Massachusetts
8,11/04/25,Akron,12:00 pm,Away,,,2025,Massachusetts
9,11/12/25,N Illinois,12:00 pm,Home,,,2025,Massachusetts
10,11/18/25,Ohio,12:00 pm,Away,,,2025,Massachusetts
11,11/25/25,Bowling Green,12:00 pm,Home,,,2025,Massachusetts
0,08/23/25,Idaho State,4:00 pm,Home,,,2025,UNLV
1,08/29/25,Sam Houston,9:30 pm,Away,,,2025,UNLV
2,09/06/25,UCLA,8:00 pm,Home,,,2025,UNLV
3,09/13/25,Idaho State,12:00 pm,Home,,,2025,UNLV
4,09/20/25,Miami OH,12:00 pm,Away,,,2025,UNLV
5,10/04/25,Wyoming,7:00 pm,Away,,,2025,UNLV
6,10/11/25,Air Force,3:30 pm,Home,,,2025,UNLV
7,10/18/25,Boise St,12:00 pm,Away,,,2025,UNLV
8,11/01/25,New Mexico,3:00 pm,Home,,,2025,UNLV
9,11/08/25,Colorado St,12:00 pm,Away,,,2025,UNLV
10,11/15/25,Utah St,7:00 pm,Home,,,2025,UNLV
11,11/21/25,Hawai'i,10:30 pm,Home,,,2025,UNLV
12,11/29/25,Nevada,9:00 pm,Away,,,2025,UNLV
0,08/30/25,Missouri St,7:30 pm,Home,,,2025,USC
1,09/06/25,Georgia So,7:30 pm,Home,,,2025,USC
2,09/13/25,Purdue,3:30 pm,Away,,,2025,USC
3,09/20/25,Michigan St,12:00 pm,Home,,,2025,USC
4,09/27/25,Illinois,12:00 pm,Away,,,2025,USC
5,10/11/25,Michigan,12:00 pm,Home,,,2025,USC
6,10/18/25,Notre Dame,7:30 pm,Away,,,2025,USC
7,11/01/25,Nebraska,12:00 pm,Away,,,2025,USC
8,11/07/25,Northwestern,9:00 pm,Home,,,2025,USC
9,11/15/25,Iowa,12:00 pm,Home,,,2025,USC
10,11/22/25,Oregon,12:00 pm,Away,,,2025,USC
11,11/29/25,UCLA,12:00 pm,Home,,,2025,USC
0,08/30/25,UCLA,11:00 pm,Away,,,2025,Utah
1,09/06/25,Cal Poly,6:00 pm,Home,,,2025,Utah
2,09/13/25,Wyoming,8:00 pm,Away,,,2025,Utah
3,09/20/25,Texas Tech,12:00 pm,Home,,,2025,Utah
4,09/27/25,West Virginia,12:00 pm,Away,,,2025,Utah
5,10/11/25,Arizona St,12:00 pm,Home,,,2025,Utah
6,10/18/25,BYU,12:00 pm,Away,,,2025,Utah
7,10/25/25,Colorado,12:00 pm,Home,,,2025,Utah
8,11/01/25,Cincinnati,12:00 pm,Home,,,2025,Utah
9,11/15/25,Baylor,12:00 pm,Away,,,2025,Utah
10,11/22/25,Kansas St,12:00 pm,Home,,,2025,Utah
11,11/28/25,Kansas,12:00 pm,Away,,,2025,Utah
0,08/30/25,UTEP,7:30 pm,Home,,,2025,Utah State
1,09/06/25,Texas A&M,12:45 pm,Away,,,2025,Utah State
2,09/13/25,Air Force,9:45 pm,Home,,,2025,Utah State
3,09/20/25,McNeese St,12:00 pm,Home,,,2025,Utah State
4,09/27/25,Vanderbilt,12:45 pm,Away,,,2025,Utah State
5,10/11/25,Hawai'i,12:00 pm,Away,,,2025,Utah State
6,10/17/25,San Jose St,9:00 pm,Home,,,2025,Utah State
7,10/25/25,New Mexico,12:00 pm,Away,,,2025,Utah State
8,11/08/25,Nevada,7:30 pm,Home,,,2025,Utah State
9,11/15/25,UNLV,7:00 pm,Away,,,2025,Utah State
10,11/22/25,Fresno St,10:30 pm,Away,,,2025,Utah State
11,11/28/25,Boise St,4:00 pm,Home,,,2025,Utah State
0,08/30/25,Utah St,7:30 pm,Away,,,2025,UTEP
1,09/06/25,TN Martin,9:00 pm,Home,,,2025,UTEP
2,09/13/25,Texas,4:15 pm,Away,,,2025,UTEP
3,09/20/25,UL Monroe,12:00 pm,Home,,,2025,UTEP
4,09/27/25,Louisiana Tech,12:00 pm,Home,,,2025,UTEP
5,10/08/25,Liberty,8:00 pm,Home,,,2025,UTEP
6,10/15/25,Sam Houston,7:00 pm,Away,,,2025,UTEP
7,10/28/25,Kennesaw St,8:00 pm,Away,,,2025,UTEP
8,11/08/25,Jacksonville St,3:00 pm,Home,,,2025,UTEP
9,11/15/25,Missouri St,12:00 pm,Away,,,2025,UTEP
10,11/22/25,New Mexico St,3:00 pm,Home,,,2025,UTEP
11,11/29/25,Delaware,1:00 pm,Away,,,2025,UTEP
0,08/30/25,Texas A&M,7:00 pm,Away,,,2025,UTSA
1,09/06/25,Texas St,3:30 pm,Home,,,2025,UTSA
2,09/13/25,Incar Word,3:30 pm,Home,,,2025,UTSA
3,09/20/25,Colorado St,12:00 pm,Away,,,2025,UTSA
4,10/04/25,Temple,12:00 pm,Away,,,2025,UTSA
5,10/11/25,Rice,12:00 pm,Home,,,2025,UTSA
6,10/18/25,N Texas,12:00 pm,Away,,,2025,UTSA
7,10/30/25,Tulane,7:30 pm,Home,,,2025,UTSA
8,11/06/25,S Florida,12:00 pm,Away,,,2025,UTSA
9,11/15/25,Charlotte,12:00 pm,Away,,,2025,UTSA
10,11/22/25,E Carolina,12:00 pm,Home,,,2025,UTSA
11,11/28/25,Army,12:00 pm,Home,,,2025,UTSA
0,08/30/25,Charl South,7:00 pm,Home,,,2025,Vanderbilt
1,09/06/25,Virginia Tech,7:30 pm,Away,,,2025,Vanderbilt
2,09/13/25,South Carolina,12:00 pm,Away,,,2025,Vanderbilt
3,09/20/25,Georgia St,7:30 pm,Home,,,2025,Vanderbilt
4,09/27/25,Utah St,12:45 pm,Home,,,2025,Vanderbilt
5,10/04/25,Alabama,12:00 pm,Away,,,2025,Vanderbilt
6,10/18/25,LSU,12:00 pm,Home,,,2025,Vanderbilt
7,10/25/25,Missouri,12:00 pm,Home,,,2025,Vanderbilt
8,11/01/25,Texas,12:00 pm,Away,,,2025,Vanderbilt
9,11/08/25,Auburn,12:00 pm,Home,,,2025,Vanderbilt
10,11/22/25,Kentucky,12:00 pm,Home,,,2025,Vanderbilt
11,11/29/25,Tennessee,12:00 pm,Away,,,2025,Vanderbilt
0,08/30/25,Coastal Car,6:00 pm,Home,,,2025,Virginia
1,09/06/25,NC State,12:00 pm,Away,,,2025,Virginia
2,09/13/25,Wm & Mary,12:00 pm,Home,,,2025,Virginia
3,09/20/25,Stanford,12:00 pm,Home,,,2025,Virginia
4,09/26/25,Florida St,7:00 pm,Home,,,2025,Virginia
5,10/04/25,Louisville,12:00 pm,Away,,,2025,Virginia
6,10/18/25,Washington St,6:30 pm,Home,,,2025,Virginia
7,10/25/25,North Carolina,12:00 pm,Away,,,2025,Virginia
8,11/01/25,California,12:00 pm,Away,,,2025,Virginia
9,11/08/25,Wake Forest,12:00 pm,Home,,,2025,Virginia
10,11/15/25,Duke,12:00 pm,Away,,,2025,Virginia
11,11/29/25,Virginia Tech,12:00 pm,Home,,,2025,Virginia
0,08/31/25,South Carolina,3:00 pm,Neutral,,,2025,Virginia Tech
1,09/06/25,Vanderbilt,7:30 pm,Home,,,2025,Virginia Tech
2,09/13/25,Old Dominion,7:00 pm,Home,,,2025,Virginia Tech
3,09/20/25,Wofford,12:00 pm,Home,,,2025,Virginia Tech
4,09/27/25,NC State,12:00 pm,Away,,,2025,Virginia Tech
5,10/04/25,Wake Forest,12:00 pm,Home,,,2025,Virginia Tech
6,10/11/25,Georgia Tech,12:00 pm,Away,,,2025,Virginia Tech
7,10/24/25,California,7:30 pm,Home,,,2025,Virginia Tech
8,11/01/25,Louisville,12:00 pm,Home,,,2025,Virginia Tech
9,11/15/25,Florida St,12:00 pm,Away,,,2025,Virginia Tech
10,11/22/25,Miami,12:00 pm,Home,,,2025,Virginia Tech
11,11/29/25,Virginia,12:00 pm,Away,,,2025,Virginia Tech
0,08/23/25,Sam Houston,7:00 pm,Home,,,2025,Western Kentucky
1,08/30/25,N Alabama,7:00 pm,Home,,,2025,Western Kentucky
2,09/06/25,Toledo,7:00 pm,Away,,,2025,Western Kentucky
3,09/20/25,Nevada,7:00 pm,Home,,,2025,Western Kentucky
4,09/27/25,Missouri St,12:00 pm,Away,,,2025,Western Kentucky
5,10/03/25,Delaware,7:00 pm,Away,,,2025,Western Kentucky
6,10/14/25,Florida Intl,8:00 pm,Home,,,2025,Western Kentucky
7,10/21/25,Louisiana Tech,7:30 pm,Away,,,2025,Western Kentucky
8,11/01/25,New Mexico St,3:30 pm,Home,,,2025,Western Kentucky
9,11/15/25,Middle Tenn,12:00 pm,Home,,,2025,Western Kentucky
10,11/22/25,LSU,12:00 pm,Away,,,2025,Western Kentucky
11,11/29/25,Jacksonville St,2:00 pm,Away,,,2025,Western Kentucky
0,08/29/25,Michigan St,7:00 pm,Away,,,2025,Western Michigan
1,09/06/25,N Texas,3:30 pm,Home,,,2025,Western Michigan
2,09/13/25,Illinois,7:00 pm,Away,,,2025,Western Michigan
3,09/20/25,Toledo,12:00 pm,Home,,,2025,Western Michigan
4,09/27/25,Rhode Island,6:30 pm,Home,,,2025,Western Michigan
5,10/04/25,UMass,12:00 pm,Away,,,2025,Western Michigan
6,10/11/25,Ball St,12:00 pm,Home,,,2025,Western Michigan
7,10/25/25,Miami OH,12:00 pm,Away,,,2025,Western Michigan
8,11/01/25,C Michigan,12:00 pm,Home,,,2025,Western Michigan
9,11/11/25,Ohio,7:30 pm,Home,,,2025,Western Michigan
10,11/18/25,N Illinois,12:00 pm,Away,,,2025,Western Michigan
11,11/25/25,E Michigan,12:00 pm,Away,,,2025,Western Michigan
0,08/29/25,Kennesaw St,7:00 pm,Home,,,2025,Wake Forest
1,09/06/25,W Carolina,2:00 pm,Home,,,2025,Wake Forest
2,09/11/25,NC State,7:30 pm,Home,,,2025,Wake Forest
3,09/27/25,Georgia Tech,12:00 pm,Home,,,2025,Wake Forest
4,10/04/25,Virginia Tech,12:00 pm,Away,,,2025,Wake Forest
5,10/11/25,Oregon St,3:30 pm,Away,,,2025,Wake Forest
6,10/25/25,SMU,12:00 pm,Home,,,2025,Wake Forest
7,11/01/25,Florida St,12:00 pm,Away,,,2025,Wake Forest
8,11/08/25,Virginia,12:00 pm,Away,,,2025,Wake Forest
9,11/15/25,North Carolina,12:00 pm,Home,,,2025,Wake Forest
10,11/22/25,Delaware,12:00 pm,Home,,,2025,Wake Forest
11,11/29/25,Duke,12:00 pm,Away,,,2025,Wake Forest
0,08/30/25,Colorado St,11:00 pm,Home,,,2025,Washington
1,09/06/25,UC Davis,11:00 pm,Home,,,2025,Washington
2,09/20/25,Washington St,7:30 pm,Away,,,2025,Washington
3,09/27/25,Ohio St,12:00 pm,Home,,,2025,Washington
4,10/04/25,Maryland,12:00 pm,Away,,,2025,Washington
5,10/10/25,Rutgers,9:00 pm,Home,,,2025,Washington
6,10/18/25,Michigan,12:00 pm,Away,,,2025,Washington
7,10/25/25,Illinois,12:00 pm,Home,,,2025,Washington
8,11/08/25,Wisconsin,12:00 pm,Away,,,2025,Washington
9,11/15/25,Purdue,12:00 pm,Home,,,2025,Washington
10,11/22/25,UCLA,12:00 pm,Away,,,2025,Washington
11,11/29/25,Oregon,12:00 pm,Home,,,2025,Washington
0,08/30/25,Idaho,10:00 pm,Home,,,2025,Washington State
1,09/06/25,San Diego St,10:15 pm,Home,,,2025,Washington State
2,09/13/25,N Texas,3:30 pm,Away,,,2025,Washington State
3,09/20/25,Washington,7:30 pm,Home,,,2025,Washington State
4,09/27/25,Colorado St,7:30 pm,Away,,,2025,Washington State
5,10/11/25,Mississippi,12:45 pm,Away,,,2025,Washington State
6,10/18/25,Virginia,6:30 pm,Away,,,2025,Washington State
7,10/25/25,Toledo,3:30 pm,Home,,,2025,Washington State
8,11/01/25,Oregon St,7:30 pm,Away,,,2025,Washington State
9,11/15/25,Louisiana Tech,10:00 pm,Home,,,2025,Washington State
10,11/22/25,J Madison,12:00 pm,Away,,,2025,Washington State
11,11/29/25,Oregon St,6:30 pm,Home,,,2025,Washington State
0,08/30/25,Robert Morris,2:00 pm,Home,,,2025,West Virginia
1,09/06/25,Ohio,4:00 pm,Away,,,2025,West Virginia
2,09/13/25,Pittsburgh,3:30 pm,Home,,,2025,West Virginia
3,09/20/25,Kansas,12:00 pm,Away,,,2025,West Virginia
4,09/27/25,Utah,12:00 pm,Home,,,2025,West Virginia
5,10/03/25,BYU,10:30 pm,Away,,,2025,West Virginia
6,10/18/25,UCF,12:00 pm,Away,,,2025,West Virginia
7,10/25/25,TCU,12:00 pm,Home,,,2025,West Virginia
8,11/01/25,Houston,12:00 pm,Away,,,2025,West Virginia
9,11/08/25,Colorado,12:00 pm,Home,,,2025,West Virginia
10,11/15/25,Arizona St,12:00 pm,Away,,,2025,West Virginia
11,11/29/25,Texas Tech,12:00 pm,Home,,,2025,West Virginia
0,08/28/25,Miami OH,9:00 pm,Home,,,2025,Wisconsin
1,09/06/25,Middle Tenn,4:00 pm,Home,,,2025,Wisconsin
2,09/13/25,Alabama,12:00 pm,Away,,,2025,Wisconsin
3,09/20/25,Maryland,12:00 pm,Home,,,2025,Wisconsin
4,10/04/25,Michigan,12:00 pm,Away,,,2025,Wisconsin
5,10/11/25,Iowa,12:00 pm,Home,,,2025,Wisconsin
6,10/18/25,Ohio St,12:00 pm,Home,,,2025,Wisconsin
7,10/25/25,Oregon,12:00 pm,Away,,,2025,Wisconsin
8,11/08/25,Washington,12:00 pm,Home,,,2025,Wisconsin
9,11/15/25,Indiana,12:00 pm,Away,,,2025,Wisconsin
10,11/22/25,Illinois,12:00 pm,Home,,,2025,Wisconsin
11,11/29/25,Minnesota,12:00 pm,Away,,,2025,Wisconsin
0,08/28/25,Akron,7:00 pm,Away,,,2025,Wyoming
1,09/06/25,N Iowa,12:00 pm,Home,,,2025,Wyoming
2,09/13/25,Utah,8:00 pm,Home,,,2025,Wyoming
3,09/20/25,Colorado,12:00 pm,Away,,,2025,Wyoming
4,10/04/25,UNLV,7:00 pm,Home,,,2025,Wyoming
5,10/11/25,San Jose St,7:00 pm,Home,,,2025,Wyoming
6,10/18/25,Air Force,3:30 pm,Away,,,2025,Wyoming
7,10/25/25,Colorado St,7:30 pm,Home,,,2025,Wyoming
8,11/01/25,San Diego St,7:00 pm,Away,,,2025,Wyoming
9,11/15/25,Fresno St,12:00 pm,Away,,,2025,Wyoming
10,11/22/25,Nevada,12:00 pm,Home,,,2025,Wyoming
11,11/29/25,Hawai'i,12:00 pm,Away,,,2025,Wyoming
